"","stn_id","well_code","swn","well_name","latitude","longitude","wlm_method","wlm_acc","basin_code","basin_name","county_name","well_depth","well_use","well_type","wcr_log_no","wcr_file_no","well_loc_source","comments"
"1",NA,"412455N1224899W001",NA,"SCV04",41.4093,-122.817,"GPS","20 ft.","1-005","Scott River Valley","Siskiyou",NA,"Residential","Single Well",NA,NA,"DWR_Periodic_GWL",NA
"2",NA,"412990N1225279W001",NA,"SCV 02",41.4984,-122.88,"GPS","20 ft.","1-005","Scott River Valley","Siskiyou",NA,"Residential","Single Well",NA,NA,"DWR_Periodic_GWL",NA
"3",NA,"413348N1225123W001",NA,"SCV 01",41.558,-122.854,"GPS","20 ft.","1-005","Scott River Valley","Siskiyou",NA,"Other","Single Well",NA,NA,"DWR_Periodic_GWL",NA
"4",NA,"414555N1228745W001","42N09W27N002M","42N09W27N002M",41.4555,-122.874,"USGS quad","10 ft.","1-005","Scott River Valley","Siskiyou",80,"Residential","Single Well",NA,NA,"DWR_Periodic_GWL",NA
"5",NA,"414569N1228715W001","42N09W27N001M",NA,41.4569,-122.871,"Unknown","Unknown","1-005","Scott River Valley","Siskiyou",19,"Unknown","Unknown",NA,NA,"DWR_Periodic_GWL",NA
"6",NA,"414686N1222830W001",NA,"SV04",41.7809,-122.472,"GPS","20 ft.","1-004","Shasta Valley","Siskiyou",NA,"Other","Single Well",NA,NA,"DWR_Periodic_GWL",NA
"7",NA,"414719N1224394W001","42N05W20J001M","42N05W20J001M",41.4719,-122.439,"Digital Elevation Model","Unknown","1-004","Shasta Valley","Siskiyou",40,"Residential","Single Well","D-LOG",NA,"DWR_Periodic_GWL",NA
"8",NA,"414796N1223568W001","42N04W18P001M","18P001",41.4796,-122.357,"Unknown","Unknown","1-004","Shasta Valley","Siskiyou",340,"Residential","Single Well","101729",NA,"DWR_Periodic_GWL",NA
"9",NA,"414987N1225202W001","42N06W10J001M","42N06W10J001M",41.4987,-122.52,"USGS quad","10 ft.","1-004","Shasta Valley","Siskiyou",110,"Residential","Single Well",NA,NA,"DWR_Periodic_GWL",NA
"10",NA,"415017N1224564W001","42N05W08E001M","42N05W08E001M",41.5017,-122.456,"Digital Elevation Model","Unknown","1-004","Shasta Valley","Siskiyou",NA,"Residential","Single Well",NA,NA,"DWR_Periodic_GWL",NA
"11",NA,"415262N1228403W001","42N09W02A002M",NA,41.5262,-122.84,"Unknown","Unknown","1-005","Scott River Valley","Siskiyou",22,"Residential","Unknown",NA,NA,"DWR_Periodic_GWL",NA
"12",NA,"415324N1223676W001","43N05W36G001M","36G001M",41.5324,-122.368,"Unknown","Unknown","1-004","Shasta Valley","Siskiyou",322,"Residential","Single Well","42753",NA,"DWR_Periodic_GWL",NA
"13",NA,"415351N1225474W001","43N06W33C001M","43N06W33C001M",41.5351,-122.547,"Digital Elevation Model","Unknown","1-004","Shasta Valley","Siskiyou",317,"Irrigation","Single Well","2081",NA,"DWR_Periodic_GWL",NA
"14",NA,"415444N1225387W001",NA,"SV03",41.5444,-122.539,"GPS","20 ft.","1-004","Shasta Valley","Siskiyou",300,"Irrigation","Single Well","713302",NA,"DWR_Periodic_GWL",NA
"15",NA,"415601N1224718W001","43N05W19F002M","43N05W19F002M",41.5601,-122.472,"USGS quad","5 ft.","1-004","Shasta Valley","Siskiyou",150,"Irrigation","Single Well","563238",NA,"DWR_Periodic_GWL",NA
"16",NA,"415635N1228315W001","43N09W24F001M","43N09W24F001M",41.5635,-122.832,"Unknown","Unknown","1-005","Scott River Valley","Siskiyou",205,"Irrigation","Single Well","278",NA,"DWR_Periodic_GWL",NA
"17",NA,"415637N1225176W001","43N06W22A001M","43N06W22A001M",41.5637,-122.518,"Digital Elevation Model","Unknown","1-004","Shasta Valley","Siskiyou",100,"Irrigation","Single Well","205",NA,"DWR_Periodic_GWL",NA
"18",NA,"415644N1228541W001","43N09W23F001M","43N09W23F001M",41.5644,-122.854,"USGS quad","10 ft.","1-005","Scott River Valley","Siskiyou",23,"Unknown","Single Well",NA,NA,"DWR_Periodic_GWL",NA
"19",NA,"415748N1225300W001","43N06W15F003M","43N06W15F003M",41.5748,-122.53,"Surveyed to a benchmark","0.1 ft.","1-004","Shasta Valley","Siskiyou",100,"Irrigation","Single Well",NA,NA,"DWR_Periodic_GWL",NA
"20",NA,"415753N1224660W001","43N05W18G001M","43N05W18G001M",41.5753,-122.466,"Digital Elevation Model","Unknown","1-004","Shasta Valley","Siskiyou",329,"Irrigation","Single Well",NA,NA,"DWR_Periodic_GWL",NA
"21",NA,"415833N1224394W001","43N05W08R001M",NA,41.5833,-122.439,"Unknown","Unknown","1-004","Shasta Valley","Siskiyou",NA,"Residential","Unknown",NA,NA,"DWR_Periodic_GWL",NA
"22",NA,"415867N1224630W001","43N05W07K001M","43N05W07K001M",41.5867,-122.463,"USGS quad","5 ft.","1-004","Shasta Valley","Siskiyou",73,"Unknown","Single Well",NA,NA,"DWR_Periodic_GWL",NA
"23",NA,"415891N1223553W001","43N04W07M001M","07M001",41.5891,-122.355,"Unknown","Unknown","1-004","Shasta Valley","Siskiyou",NA,"Residential","Single Well","54058",NA,"DWR_Periodic_GWL",NA
"24",NA,"415952N1223848W001","43N05W11A001M","43N05W11A001M",41.5952,-122.385,"Digital Elevation Model","Unknown","1-004","Shasta Valley","Siskiyou",NA,"Irrigation","Single Well","5586",NA,"DWR_Periodic_GWL",NA
"25",NA,"416033N1228528W001","43N09W02P002M","SCV03",41.6033,-122.853,"USGS quad","5 ft.","1-005","Scott River Valley","Siskiyou",NA,"Residential","Single Well",NA,NA,"DWR_Periodic_GWL",NA
"26",NA,"416083N1223932W001","43N05W02C002M","SV03A",41.6083,-122.393,"Unknown","Unknown","1-004","Shasta Valley","Siskiyou",102,"Irrigation","Single Well","127502",NA,"DWR_Periodic_GWL",NA
"27",NA,"416191N1223997W001","44N05W34H001M","44N05W34H001M",41.6191,-122.4,"Digital Elevation Model","Unknown","1-004","Shasta Valley","Siskiyou",96,"Irrigation","Single Well","USGS",NA,"DWR_Periodic_GWL",NA
"28",NA,"416237N1224524W001","44N05W32C002M","44N05W32C002M",41.6237,-122.452,"USGS quad","10 ft.","1-004","Shasta Valley","Siskiyou",79,"Irrigation","Single Well","53277",NA,"DWR_Periodic_GWL",NA
"29",NA,"416288N1228303W001","44N09W25R001M","44N09W25R001M",41.6288,-122.83,"USGS quad","10 ft.","1-005","Scott River Valley","Siskiyou",NA,"Residential","Single Well",NA,NA,"DWR_Periodic_GWL",NA
"30",NA,"416295N1228926W001","44N09W28P001M","28P001M",41.6295,-122.893,"Unknown","Unknown","1-005","Scott River Valley","Siskiyou",65,"Unknown","Single Well",NA,NA,"DWR_Periodic_GWL",NA
"31",NA,"416335N1228997W001","44N09W29J001M","44N09W29J001M",41.6335,-122.9,"USGS quad","10 ft.","1-005","Scott River Valley","Siskiyou",NA,"Residential","Single Well","49066",NA,"DWR_Periodic_GWL",NA
"32",NA,"416397N1225224W001","44N06W27B001M","44N06W27B001M",41.6397,-122.522,"Digital Elevation Model","Unknown","1-004","Shasta Valley","Siskiyou",110,"Residential","Single Well","129187",NA,"DWR_Periodic_GWL",NA
"33",NA,"416462N1224190W001","44N05W21H001M","44N05W21H001M",41.6462,-122.419,"Digital Elevation Model","Unknown","1-004","Shasta Valley","Siskiyou",335,"Stockwatering","Single Well","YES",NA,"DWR_Periodic_GWL",NA
"34",NA,"416563N1225813W001","44N06W18Q001M","44N06W18Q001M",41.6563,-122.581,"USGS quad","5 ft.","1-004","Shasta Valley","Siskiyou",165,"Irrigation","Single Well","125419",NA,"DWR_Periodic_GWL",NA
"35",NA,"416595N1223971W001","44N05W14M002M","44N05W14M002M",41.6595,-122.397,"Digital Elevation Model","Unknown","1-004","Shasta Valley","Siskiyou",95,"Residential","Single Well","133440",NA,"DWR_Periodic_GWL",NA
"36",NA,"416774N1225301W001","44N06W10F001M","44N06W10F001M",41.6774,-122.53,"Digital Elevation Model","Unknown","1-004","Shasta Valley","Siskiyou",113,"Residential","Single Well",NA,NA,"DWR_Periodic_GWL",NA
"37",NA,"417096N1225453W001",NA,"SV02",41.7096,-122.545,"GPS","20 ft.","1-004","Shasta Valley","Siskiyou",178,"Residential","Single Well","1096115",NA,"DWR_Periodic_GWL",NA
"38",NA,"417220N1225928W001","45N06W30E001M","45N06W30E001M",41.7219,-122.593,"Digital Elevation Model","Unknown","1-004","Shasta Valley","Siskiyou",105,"Residential","Single Well","49811",NA,"DWR_Periodic_GWL",NA
"39",NA,"417236N1224461W001","45N05W29B001M",NA,41.7236,-122.446,"Unknown","Unknown","1-004","Shasta Valley","Siskiyou",25,"Residential","Unknown",NA,NA,"DWR_Periodic_GWL",NA
"40",NA,"417242N1224453W001","45N05W29B003M",NA,41.7242,-122.445,"Unknown","Unknown","1-004","Shasta Valley","Siskiyou",NA,"Residential","Unknown",NA,NA,"DWR_Periodic_GWL",NA
"41",NA,"417258N1225083W001","45N06W26C002M","45N06W26C002M",41.7258,-122.508,"USGS quad","5 ft.","1-004","Shasta Valley","Siskiyou",70,"Residential","Single Well","65090",NA,"DWR_Periodic_GWL",NA
"42",NA,"417258N1225337W001","45N06W27D002M","27D002M",41.7258,-122.534,"USGS quad","10 ft.","1-004","Shasta Valley","Siskiyou",45,"Residential","Single Well","54934",NA,"DWR_Periodic_GWL",NA
"43",NA,"417262N1225917W001","45N06W30D004M","30D004M",41.7262,-122.592,"Unknown","Unknown","1-004","Shasta Valley","Siskiyou",170,"Irrigation","Single Well","134530",NA,"DWR_Periodic_GWL",NA
"44",NA,"417309N1225933W001","45N07W24R001M",NA,41.7309,-122.593,"Unknown","Unknown","1-004","Shasta Valley","Siskiyou",235,"Industrial","Unknown","YES",NA,"DWR_Periodic_GWL",NA
"45",NA,"417411N1218180W002","45N01E13M001M","45N01E13M001M",41.7411,-121.818,"Digital Elevation Model","5 ft.","1-018","Red Rock Valley","Siskiyou",280,"Irrigation","Single Well",NA,NA,"DWR_Periodic_GWL",NA
"46",NA,"417467N1218285W002","45N01E14F001M","45N01E14F001M",41.7467,-121.829,"Digital Elevation Model","5 ft.","1-018","Red Rock Valley","Siskiyou",242,"Irrigation","Single Well","138712",NA,"DWR_Periodic_GWL",NA
"47",NA,"417511N1217834W002","45N02E07R001M","45N02E07R001M",41.7511,-121.783,"Digital Elevation Model","5 ft.","1-018","Red Rock Valley","Siskiyou",220,"Residential","Single Well","128130",NA,"DWR_Periodic_GWL",NA
"48",NA,"417522N1218184W002","45N01E12N001M","45N01E12N001M",41.7522,-121.818,"Digital Elevation Model","5 ft.","1-018","Red Rock Valley","Siskiyou",205,"Stockwatering","Single Well","138711",NA,"DWR_Periodic_GWL",NA
"49",NA,"417539N1220414W001","45N02W11P001M",NA,41.7539,-122.041,"Unknown","Unknown",NA,NA,"Siskiyou",NA,"Unknown","Unknown",NA,NA,"DWR_Periodic_GWL",NA
"50",NA,"417638N1224574W001","45N05W07H002M","45N05W07H002M",41.7638,-122.457,"Digital Elevation Model","Unknown","1-004","Shasta Valley","Siskiyou",80,"Residential","Single Well","078681",NA,"DWR_Periodic_GWL",NA
"51",NA,"417660N1224811W001","45N06W12G001M","SV01",41.766,-122.481,"Digital Elevation Model","Unknown","1-004","Shasta Valley","Siskiyou",150,"Residential","Single Well","112928",NA,"DWR_Periodic_GWL",NA
"52",NA,"417704N1225126W001","45N06W10A001M","45N06W10A001M",41.7704,-122.513,"USGS quad","10 ft.","1-004","Shasta Valley","Siskiyou",NA,"Residential","Single Well",NA,NA,"DWR_Periodic_GWL",NA
"53",NA,"417782N1233987W001",NA,"HC02",41.7781,-123.399,"GPS","20 ft.","1-015","Happy Camp Town Area","Siskiyou",NA,"Other","Single Well",NA,NA,"DWR_Periodic_GWL",NA
"54",NA,"417786N1220041W001","45N01W06A001M","45N01W06A001M",41.7786,-122.004,"Unknown","Unknown","1-003","Butte Valley","Siskiyou",104,"Irrigation","Single Well","49917",NA,"DWR_Periodic_GWL",NA
"55",NA,"417789N1220759W001","45N02W04B001M","45N02W04B001M",41.7788,-122.076,"Unknown","Unknown","1-003","Butte Valley","Siskiyou",1237,"Irrigation","Single Well",NA,NA,"DWR_Periodic_GWL",NA
"56",NA,"417822N1220545W001","46N02W35R001M","46N02W35R001M",41.7821,-122.054,"Unknown","Unknown","1-003","Butte Valley","Siskiyou",809,"Irrigation","Single Well","62636",NA,"DWR_Periodic_GWL",NA
"57",NA,"417860N1220153W001",NA,"BV01",41.786,-122.015,"GPS","20 ft.","1-003","Butte Valley","Siskiyou",NA,"Irrigation","Single Well",NA,NA,"DWR_Periodic_GWL",NA
"58",NA,"417878N1220131W001","46N01W31J001M",NA,41.7878,-122.013,"Unknown","Unknown","1-003","Butte Valley","Siskiyou",88,"Irrigation","Unknown",NA,NA,"DWR_Periodic_GWL",NA
"59",NA,"417916N1224217W001","46N05W33J001M","46N05W33J001M",41.7917,-122.422,"Digital Elevation Model","Unknown","1-004","Shasta Valley","Siskiyou",NA,"Residential","Single Well","99808",NA,"DWR_Periodic_GWL",NA
"60",NA,"417920N1220617W001","46N02W35C001M","46N02W35C001M",41.7901,-122.064,"Unknown","Unknown","1-003","Butte Valley","Siskiyou",104,"Irrigation","Single Well",NA,NA,"DWR_Periodic_GWL",NA
"61",NA,"417927N1220812W001","46N02W34B002M","46N02W34B002M",41.7926,-122.081,"Unknown","Unknown",NA,NA,"Siskiyou",206,"Irrigation","Single Well","70199",NA,"DWR_Periodic_GWL",NA
"62",NA,"417941N1224710W001","46N05W31F001M","46N05W31F001M",41.7941,-122.471,"Digital Elevation Model","Unknown","1-004","Shasta Valley","Siskiyou",75,"Residential","Single Well",NA,NA,"DWR_Periodic_GWL",NA
"63",NA,"417944N1220350W001","46N02W25R002M","46N02W25R002M",41.7943,-122.035,"Unknown","Unknown","1-003","Butte Valley","Siskiyou",116,"Irrigation","Single Well","72",NA,"DWR_Periodic_GWL",NA
"64",NA,"417959N1220575W001","46N02W26Q001M",NA,41.7959,-122.058,"Unknown","Unknown","1-003","Butte Valley","Siskiyou",120,"Unknown","Unknown","DWR",NA,"DWR_Periodic_GWL",NA
"65",NA,"417989N1220616W001","46N02W26L002M",NA,41.7989,-122.062,"Unknown","Unknown","1-003","Butte Valley","Siskiyou",NA,"Unknown","Unknown",NA,NA,"DWR_Periodic_GWL",NA
"66",NA,"417993N1233730W001",NA,"HC01",41.7993,-123.373,"GPS","20 ft.",NA,NA,"Siskiyou",NA,"Other","Single Well",NA,NA,"DWR_Periodic_GWL",NA
"67",NA,"418066N1220348W001","46N02W25H002M",NA,41.8066,-122.035,"Unknown","Unknown","1-003","Butte Valley","Siskiyou",1920,"Unknown","Unknown","GEOL.",NA,"DWR_Periodic_GWL",NA
"68",NA,"418081N1220122W001","46N01W20N001M","46N01W20N001M",41.8081,-122.012,"Unknown","Unknown","1-003","Butte Valley","Siskiyou",NA,"Irrigation","Single Well","50",NA,"DWR_Periodic_GWL",NA
"69",NA,"418100N1220090W001","46N01W20N002M","46N01W20N002M",41.8082,-122.011,"Unknown","Unknown","1-003","Butte Valley","Siskiyou",1526,"Irrigation","Single Well","GEOL.",NA,"DWR_Periodic_GWL",NA
"70",NA,"418225N1220333W001",NA,"BV03",41.8225,-122.033,"GPS","20 ft.","1-003","Butte Valley","Siskiyou",NA,"Irrigation","Single Well",NA,NA,"DWR_Periodic_GWL",NA
"71",NA,"418225N1220424W001",NA,"BV02",41.8225,-122.042,"GPS","20 ft.","1-003","Butte Valley","Siskiyou",NA,"Irrigation","Single Well",NA,NA,"DWR_Periodic_GWL",NA
"72",NA,"418226N1220249W001","46N01W18Q001M","46N01W18Q001M",41.8225,-122.025,"Unknown","Unknown","1-003","Butte Valley","Siskiyou",142,"Irrigation","Single Well","43",NA,"DWR_Periodic_GWL",NA
"73",NA,"418258N1220053W001","46N01W17P001M",NA,41.8258,-122.005,"Unknown","Unknown","1-003","Butte Valley","Siskiyou",105,"Unknown","Unknown","70185",NA,"DWR_Periodic_GWL",NA
"74",NA,"418339N1220049W001","46N01W17B001M","46N01W17B001M",41.8338,-122.005,"Unknown","Unknown","1-003","Butte Valley","Siskiyou",80,"Irrigation","Single Well","YES",NA,"DWR_Periodic_GWL",NA
"75",NA,"418341N1215420W001",NA,"TL-T1 Q3B",41.8341,-121.542,"GPS","0.1 ft.","1-002.01","Tulelake","Siskiyou",500,"Observation","Single Well",NA,NA,"DWR_Periodic_GWL",NA
"76",NA,"418353N1231864W001",NA,"SEV01",41.8353,-123.186,"GPS","20 ft.","1-016","Seiad Valley","Siskiyou",NA,"Other","Single Well",NA,NA,"DWR_Periodic_GWL",NA
"77",NA,"418371N1221105W001",NA,"BV05",41.8371,-122.111,"GPS","20 ft.","1-003","Butte Valley","Siskiyou",284,"Other","Single Well",NA,NA,"DWR_Periodic_GWL",NA
"78",NA,"418378N1221032W001",NA,"BV06",41.8378,-122.103,"GPS","20 ft.","1-003","Butte Valley","Siskiyou",NA,"Industrial","Single Well",NA,NA,"DWR_Periodic_GWL",NA
"79",NA,"418391N1214697W001",NA,"TL-T3 GP",41.8391,-121.47,"GPS","0.1 ft.","1-002.01","Tulelake","Siskiyou",500,"Observation","Single Well",NA,NA,"DWR_Periodic_GWL",NA
"80",NA,"418408N1219789W001","46N01W09R001M",NA,41.8408,-121.979,"Unknown","Unknown","1-003","Butte Valley","Siskiyou",602,"Irrigation","Unknown","3956",NA,"DWR_Periodic_GWL",NA
"81",NA,"418413N1231956W001",NA,"SEV02",41.8413,-123.196,"GPS","20 ft.","1-016","Seiad Valley","Siskiyou",61,"Other","Single Well","65242",NA,"DWR_Periodic_GWL",NA
"82",NA,"418463N1219644W001","46N01W10K001M","10K001M",41.8463,-121.964,"Unknown","Unknown","1-003","Butte Valley","Siskiyou",NA,"Irrigation","Single Well",NA,NA,"DWR_Periodic_GWL",NA
"83",NA,"418483N1218912W001","46N01E08D001M","08D001M",41.8483,-121.891,"Unknown","Unknown",NA,NA,"Siskiyou",NA,"Irrigation","Single Well",NA,NA,"DWR_Periodic_GWL",NA
"84",NA,"418512N1219183W001","46N01E06N001M","46N01E06N001M",41.8511,-121.918,"Unknown","Unknown","1-003","Butte Valley","Siskiyou",200,"Irrigation","Single Well","USGS",NA,"DWR_Periodic_GWL",NA
"85",NA,"418515N1218903W001","46N01E08C001M",NA,41.8515,-121.89,"Unknown","Unknown",NA,NA,"Siskiyou",118,"Residential","Unknown",NA,NA,"DWR_Periodic_GWL",NA
"86",NA,"418543N1219225W001","46N01W01Q001M",NA,41.8543,-121.922,"Unknown","Unknown","1-003","Butte Valley","Siskiyou",236,"Irrigation","Unknown","49918",NA,"DWR_Periodic_GWL",NA
"87",NA,"418544N1219958W001","46N01W04N002M","46N01W04N002M",41.8544,-121.996,"USGS quad","5 ft.","1-003","Butte Valley","Siskiyou",220,"Unknown","Single Well",NA,NA,"DWR_Periodic_GWL",NA
"88",NA,"418585N1219512W001","46N01W02F002M","46N01W02F002M",41.8585,-121.951,"USGS quad","5 ft.","1-003","Butte Valley","Siskiyou",515,"Irrigation","Single Well","799144",NA,"DWR_Periodic_GWL",NA
"89",NA,"418661N1219587W001","47N01W34Q001M","47N01W34Q001M",41.866,-121.965,"USGS quad","5 ft.","1-003","Butte Valley","Siskiyou",358,"Irrigation","Single Well","7399",NA,"DWR_Periodic_GWL",NA
"90",NA,"418714N1219475W001","47N01W35L001M",NA,41.8714,-121.948,"Unknown","Unknown","1-003","Butte Valley","Siskiyou",1302,"Irrigation","Unknown","87453",NA,"DWR_Periodic_GWL",NA
"91",NA,"418921N1218814W001","47N01E29H002M",NA,41.8921,-121.881,"Unknown","Unknown",NA,NA,"Siskiyou",60,"Stockwatering","Unknown",NA,NA,"DWR_Periodic_GWL",NA
"92",NA,"418944N1219643W001","47N01W27B001M","47N01W27B001M",41.8944,-121.964,"Unknown","Unknown","1-003","Butte Valley","Siskiyou",40,"Observation","Single Well","847",NA,"DWR_Periodic_GWL",NA
"93",NA,"418947N1220831W001",NA,"BV04",41.8947,-122.083,"GPS","20 ft.",NA,NA,"Siskiyou",NA,"Other","Single Well",NA,NA,"DWR_Periodic_GWL",NA
"94",NA,"418948N1220832W001","47N02W27C001M","47N02W27C001M",41.8947,-122.083,"Unknown","Unknown",NA,NA,"Siskiyou",NA,"Irrigation","Single Well","421213",NA,"DWR_Periodic_GWL",NA
"95",NA,"418962N1220851W001","47N02W22P001M",NA,41.8962,-122.085,"Unknown","Unknown",NA,NA,"Siskiyou",NA,"Residential","Unknown",NA,NA,"DWR_Periodic_GWL",NA
"96",NA,"418981N1220811W001","47N02W22Q002M",NA,41.8981,-122.081,"Unknown","Unknown","1-003","Butte Valley","Siskiyou",182,"Irrigation","Unknown","YES",NA,"DWR_Periodic_GWL",NA
"97",NA,"419017N1220269W001","47N01W19L001M","47N01W19L001M",41.9016,-122.027,"USGS quad","5 ft.","1-003","Butte Valley","Siskiyou",45,"Stockwatering","Single Well","NONE",NA,"DWR_Periodic_GWL",NA
"98",NA,"419018N1220664W001","47N02W23L001M","47N02W23L001M",41.9017,-122.066,"USGS quad","5 ft.",NA,NA,"Siskiyou",281,"Irrigation","Single Well",NA,NA,"DWR_Periodic_GWL",NA
"99",NA,"419021N1219431W001","47N01W23H002M","47N01W23H002M",41.9021,-121.943,"Unknown","Unknown","1-003","Butte Valley","Siskiyou",1031,"Residential","Single Well","NONE",NA,"DWR_Periodic_GWL",NA
"100",NA,"419030N1220607W001","47N02W23G001M",NA,41.903,-122.061,"Unknown","Unknown",NA,NA,"Siskiyou",285,"Irrigation","Unknown",NA,NA,"DWR_Periodic_GWL",NA
"101",NA,"419032N1219387W001","47N01W23H003M",NA,41.9032,-121.939,"Unknown","Unknown","1-003","Butte Valley","Siskiyou",NA,"Unknown","Unknown",NA,NA,"DWR_Periodic_GWL",NA
"102",NA,"419035N1220999W001","47N02W21G001M",NA,41.9035,-122.1,"Unknown","Unknown","1-003","Butte Valley","Siskiyou",382,"Irrigation","Unknown",NA,NA,"DWR_Periodic_GWL",NA
"103",NA,"419037N1219397W001","47N01W23H001M",NA,41.9037,-121.94,"Unknown","Unknown","1-003","Butte Valley","Siskiyou",1065,"Irrigation","Unknown","107001",NA,"DWR_Periodic_GWL",NA
"104",NA,"419037N1220950W001","47N02W21H001M",NA,41.9037,-122.095,"Unknown","Unknown",NA,NA,"Siskiyou",174,"Residential","Unknown","215476",NA,"DWR_Periodic_GWL",NA
"105",NA,"419079N1221002W001","47N02W21B001M",NA,41.9079,-122.1,"Unknown","Unknown","1-003","Butte Valley","Siskiyou",382,"Irrigation","Unknown","YES",NA,"DWR_Periodic_GWL",NA
"106",NA,"419107N1218935W001","47N01E20D001M",NA,41.9107,-121.894,"Unknown","Unknown",NA,NA,"Siskiyou",240,"Irrigation","Unknown","49941",NA,"DWR_Periodic_GWL",NA
"107",NA,"419110N1221048W001","47N02W16P001M",NA,41.911,-122.105,"Unknown","Unknown","1-003","Butte Valley","Siskiyou",NA,"Irrigation","Unknown",NA,NA,"DWR_Periodic_GWL",NA
"108",NA,"419180N1219323W001","47N01W13L001M",NA,41.918,-121.932,"Unknown","Unknown","1-003","Butte Valley","Siskiyou",1025,"Irrigation","Unknown","106990",NA,"DWR_Periodic_GWL",NA
"109",NA,"419182N1219179W001","47N01W13G001M",NA,41.9182,-121.918,"Unknown","Unknown","1-003","Butte Valley","Siskiyou",207,"Irrigation","Unknown","YES",NA,"DWR_Periodic_GWL",NA
"110",NA,"419182N1221000W001","47N02W16G001M",NA,41.9182,-122.1,"Unknown","Unknown","1-003","Butte Valley","Siskiyou",171,"Residential","Unknown","90628",NA,"DWR_Periodic_GWL",NA
"111",NA,"419242N1215637W001","47N04E07Q001M","47N04E07Q001M",41.9241,-121.564,"Unknown","Unknown","1-002.01","Tulelake","Siskiyou",1170,"Irrigation","Single Well","414107",NA,"DWR_Periodic_GWL",NA
"112",NA,"419435N1219382W001","47N01W02J001M",NA,41.9435,-121.938,"Unknown","Unknown","1-003","Butte Valley","Siskiyou",1131,"Irrigation","Unknown","11004",NA,"DWR_Periodic_GWL",NA
"113",NA,"419451N1218967W001","47N01E05E001M","47N01E05E001M",41.9452,-121.896,"Unknown","Unknown","1-003","Butte Valley","Siskiyou",620,"Irrigation","Single Well","GEOL 3982",NA,"DWR_Periodic_GWL",NA
"114",NA,"419511N1216245W001","48N03E33R001M",NA,41.9511,-121.624,"Unknown","Unknown",NA,NA,"Siskiyou",350,"Unknown","Unknown","493850",NA,"DWR_Periodic_GWL",NA
"115",NA,"419519N1215653W001","48N04E31N001M",NA,41.9519,-121.565,"Unknown","Unknown","1-002.01","Tulelake","Siskiyou",NA,"Unknown","Unknown",NA,NA,"DWR_Periodic_GWL",NA
"116",NA,"419519N1219958W001","47N01W04D002M","47N01W04D002M",41.9521,-121.996,"USGS quad","5 ft.","1-003","Butte Valley","Siskiyou",200,"Observation","Part of a nested/multi-completion well","YES",NA,"DWR_Periodic_GWL",NA
"117",NA,"419520N1219959W001","47N01W04D001M","47N01W04D001M",41.9521,-121.996,"USGS quad","5 ft.","1-003","Butte Valley","Siskiyou",460,"Observation","Part of a nested/multi-completion well","YES",NA,"DWR_Periodic_GWL",NA
"118",NA,"419533N1219040W001","47N01E06A002M",NA,41.9533,-121.904,"Unknown","Unknown","1-003","Butte Valley","Siskiyou",160,"Irrigation","Unknown","58731",NA,"DWR_Periodic_GWL",NA
"119",NA,"419534N1215666W001","48N04E31N002M","48N04E31N002M",41.9534,-121.567,"Unknown","Unknown","1-002.01","Tulelake","Siskiyou",337,"Residential","Single Well","414105",NA,"DWR_Periodic_GWL",NA
"120",NA,"419540N1216232W001","48N03E34N001M","LK02",41.9538,-121.623,"Unknown","Unknown",NA,NA,"Siskiyou",NA,"Stockwatering","Single Well","393998",NA,"DWR_Periodic_GWL",NA
"121",NA,"419542N1215655W001","48N04E31M001M","48N04E31M001M",41.9542,-121.566,"Unknown","Unknown","1-002.01","Tulelake","Siskiyou",40,"Unknown","Single Well","99000",NA,"DWR_Periodic_GWL",NA
"122",NA,"419568N1214809W001","48N04E35L002M","City of Tulelake",41.9567,-121.481,"Surveyed to a benchmark","0.1 ft.","1-002.01","Tulelake","Siskiyou",2676,"Other","Single Well",NA,NA,"DWR_Periodic_GWL",NA
"123",NA,"419577N1219345W001","48N01W36M002M",NA,41.9577,-121.934,"Unknown","Unknown","1-003","Butte Valley","Siskiyou",920,"Irrigation","Unknown","3353",NA,"DWR_Periodic_GWL",NA
"124",NA,"419605N1214815W001","48N04E35C001M","CTW #3",41.9605,-121.481,"GPS","0.1 ft.","1-002.01","Tulelake","Siskiyou",2790,"Other","Single Well","797943",NA,"DWR_Periodic_GWL",NA
"125",NA,"419608N1214731W001","48N04E35G001M","48N04E35G001M",41.9607,-121.473,"Unknown","Unknown","1-002.01","Tulelake","Siskiyou",220,"Irrigation","Single Well","493837",NA,"DWR_Periodic_GWL",NA
"126",NA,"419635N1219601W001","48N01W34G001M",NA,41.9635,-121.96,"Unknown","Unknown","1-003","Butte Valley","Siskiyou",383,"Irrigation","Unknown","1503",NA,"DWR_Periodic_GWL",NA
"127",NA,"419662N1219633W001","48N01W34B001M","48N01W34B001M",41.9664,-121.963,"Unknown","Unknown",NA,NA,"Siskiyou",NA,"Irrigation","Single Well","2376",NA,"DWR_Periodic_GWL",NA
"128",NA,"419669N1219306W001","48N01W25P001M",NA,41.9669,-121.931,"Unknown","Unknown","1-003","Butte Valley","Siskiyou",1134,"Irrigation","Unknown","1505",NA,"DWR_Periodic_GWL",NA
"129",NA,"419693N1215586W001","48N04E30L001M","D. Jackson",41.9693,-121.559,"Unknown","Unknown","1-002.01","Tulelake","Siskiyou",50,"Residential","Unknown",NA,NA,"DWR_Periodic_GWL",NA
"130",NA,"419703N1215631W001","48N04E30E001M","Hilton",41.9703,-121.563,"Unknown","Unknown","1-002.01","Tulelake","Siskiyou",185,"Residential","Unknown","133264",NA,"DWR_Periodic_GWL",NA
"131",NA,"419721N1215567W001","48N04E30F002M","TID #1",41.9721,-121.557,"Unknown","Unknown","1-002.01","Tulelake","Siskiyou",740,"Irrigation","Single Well","751108",NA,"DWR_Periodic_GWL",NA
"132",NA,"419726N1215574W001","48N04E30F001M","Moore",41.9726,-121.557,"Unknown","Unknown","1-002.01","Tulelake","Siskiyou",142,"Industrial","Single Well","78764",NA,"DWR_Periodic_GWL",NA
"133",NA,"419737N1219817W001","48N01W28J002M",NA,41.9737,-121.982,"Unknown","Unknown",NA,NA,"Siskiyou",1322,"Irrigation","Unknown","3984",NA,"DWR_Periodic_GWL",NA
"134",NA,"419749N1215580W001","48N04E30F004M","Dysert #1",41.9741,-121.558,"Unknown","Unknown","1-002.01","Tulelake","Siskiyou",NA,"Residential","Single Well",NA,NA,"DWR_Periodic_GWL",NA
"135",NA,"419755N1219785W001","48N01W28J001M","48N01W28J001M",41.9736,-121.981,"Unknown","Unknown",NA,NA,"Siskiyou",350,"Irrigation","Single Well",NA,NA,"DWR_Periodic_GWL",NA
"136",NA,"419756N1215209W001","48N04E28D001M","48N04E28D001M",41.9755,-121.521,"Unknown","Unknown","1-002.01","Tulelake","Siskiyou",140,"Irrigation","Single Well","98989",NA,"DWR_Periodic_GWL",NA
"137",NA,"419777N1219877W001","48N01W28F001M",NA,41.9777,-121.988,"Unknown","Unknown",NA,NA,"Siskiyou",632,"Irrigation","Unknown","YES",NA,"DWR_Periodic_GWL",NA
"138",NA,"419783N1215575W001","48N04E30C002M","Frey",41.9782,-121.557,"Unknown","Unknown","1-002.01","Tulelake","Siskiyou",84,"Residential","Single Well","555461",NA,"DWR_Periodic_GWL",NA
"139",NA,"419803N1219570W001","48N01W26E001M","48N01W26E001M",41.9805,-121.957,"Unknown","Unknown",NA,NA,"Siskiyou",NA,"Irrigation","Single Well","81301",NA,"DWR_Periodic_GWL",NA
"140",NA,"419806N1219015W002","48N01E29D001M","48N01E29D001M",41.9806,-121.901,"Digital Elevation Model","5 ft.",NA,NA,"Siskiyou",300,"Irrigation","Single Well","11024",NA,"DWR_Periodic_GWL",NA
"141",NA,"419844N1215056W001","48N04E22M001M","Amy King",41.9845,-121.506,"Unknown","Unknown","1-002.01","Tulelake","Siskiyou",135,"Residential","Single Well","11064",NA,"DWR_Periodic_GWL",NA
"142",NA,"419929N1215587W001","48N04E19C001M","Main/Takacs",41.9936,-121.559,"Unknown","Unknown","1-002.01","Tulelake","Siskiyou",38,"Residential","Single Well","78748",NA,"DWR_Periodic_GWL",NA
"143",NA,"419966N1215163W001","48N04E16P003M","Starch Plant",41.9966,-121.516,"Unknown","Unknown","1-002.01","Tulelake","Siskiyou",1200,"Industrial","Unknown","81307",NA,"DWR_Periodic_GWL",NA
"144",NA,"419971N1214519W001","48N04E13K001M","TID #5",41.9971,-121.452,"Unknown","Unknown","1-002.01","Tulelake","Siskiyou",1570,"Irrigation","Single Well","75112",NA,"DWR_Periodic_GWL",NA
"145",NA,"419972N1214843W001","48N04E14M001M","Ratliff",41.9972,-121.484,"Unknown","Unknown","1-002.01","Tulelake","Siskiyou",127,"Stockwatering","Single Well","70162",NA,"DWR_Periodic_GWL",NA
"146",NA,"419978N1214931W001","48N04E15K001M","TID #4",41.9978,-121.493,"Unknown","Unknown","1-002.01","Tulelake","Siskiyou",1440,"Irrigation","Single Well","751111",NA,"DWR_Periodic_GWL",NA
"147",NA,"419979N1215251W001","48N04E16M001M","TID #3",41.9979,-121.525,"Unknown","Unknown","1-002.01","Tulelake","Siskiyou",1710,"Irrigation","Single Well","751110",NA,"DWR_Periodic_GWL",NA
"148",NA,"419979N1217011W001","48N02E14J001M","LK01 (old well)",41.9991,-121.701,"Unknown","Unknown","1-002.02","Lower Klamath","Siskiyou",203,"Other","Single Well","333860",NA,"DWR_Periodic_GWL",NA
"149",NA,"419980N1215138W001","48N04E16L002M","48N04E16L002M",41.998,-121.514,"Unknown","Unknown","1-002.01","Tulelake","Siskiyou",150,"Industrial","Single Well","393999",NA,"DWR_Periodic_GWL",NA
"150",NA,"419980N1215360W001","48N04E17C001M","48N04E17C001M",41.998,-121.536,"Unknown","Unknown","1-002.01","Tulelake","Siskiyou",159,"Residential","Single Well","799491",NA,"DWR_Periodic_GWL",NA
"151",NA,"419980N1215455W001","48N04E18J001M","TID #2",41.998,-121.546,"Unknown","Unknown","1-002.01","Tulelake","Siskiyou",1550,"Irrigation","Single Well","751109",NA,"DWR_Periodic_GWL",NA
"152",NA,"419984N1215587W001","48N04E18L003M","Westside Store",41.9983,-121.559,"Unknown","Unknown","1-002.01","Tulelake","Siskiyou",110,"Residential","Single Well","62608",NA,"DWR_Periodic_GWL",NA
"153",NA,"419984N1215998W001","48N03E14M001M","48N03E14M001M",41.9983,-121.6,"Unknown","Unknown",NA,NA,"Siskiyou",454,"Irrigation","Single Well","1509",NA,"DWR_Periodic_GWL",NA
"154",NA,"419989N1217002W002","48N02E13M001M","48N02E13M001M",41.9989,-121.7,"Other","5 ft.","1-002.02","Lower Klamath","Siskiyou",1100,"Residential","Single Well","3352",NA,"DWR_Periodic_GWL",NA
"155",NA,"WCRfn_58263",NA,"MYERS, BOB",41.6233171839922,-122.771714358242,"UCDavis_Well_Review_2013","Unknown","1-005","Scott River Valley","Siskiyou",80,"Irrigation","Single Well","49079",58263,"UCDavis_Well_Review_2013",NA
"156",NA,"WCRfn_58265",NA,"MOORE, MILTON",41.6336363472536,-122.890934282937,"UCDavis_Well_Review_2013","Unknown","1-005","Scott River Valley","Siskiyou",100,"Irrigation","Single Well","49081",58265,"UCDavis_Well_Review_2013",NA
"157",NA,"WCRfn_58313",NA,"D & V MEAT CO.",41.5711925452718,-122.916122466604,"UCDavis_Well_Review_2013","Unknown","1-005","Scott River Valley","Siskiyou",193,"Irrigation","Single Well","11279",58313,"UCDavis_Well_Review_2013",NA
"158",NA,"WCRfn_58314",NA,"D & V MEAT CO.",41.5658360243214,-122.919994793626,"UCDavis_Well_Review_2013","Unknown","1-005","Scott River Valley","Siskiyou",255,"Irrigation","Single Well","11280",58314,"UCDavis_Well_Review_2013",NA
"159",NA,"WCRfn_58315",NA,"D & V MEAT CO.",41.5744872607787,-122.917382012664,"UCDavis_Well_Review_2013","Unknown","1-005","Scott River Valley","Siskiyou",275,"Irrigation","Single Well","11281",58315,"UCDavis_Well_Review_2013",NA
"160",NA,"WCRfn_58316",NA,"JOHNSON, CARL",41.5234300829844,-122.908867139284,"UCDavis_Well_Review_2013","Unknown","1-005","Scott River Valley","Siskiyou",104,"Irrigation","Single Well","11282",58316,"UCDavis_Well_Review_2013",NA
"161",NA,"WCRfn_58318",NA,"TOBIAS",41.5701415793829,-122.854180027207,"UCDavis_Well_Review_2013","Unknown","1-005","Scott River Valley","Siskiyou",160,"Irrigation","Single Well","11284",58318,"UCDavis_Well_Review_2013",NA
"162",NA,"WCRfn_58319",NA,"TOBIAS",41.4064490286426,-122.829661705913,"UCDavis_Well_Review_2013","Unknown","1-005","Scott River Valley","Siskiyou",115,"Irrigation","Single Well","11285",58319,"UCDavis_Well_Review_2013",NA
"163",NA,"WCRfn_58321",NA,"LEWIS",41.5740173999061,-122.921308233527,"UCDavis_Well_Review_2013","Unknown","1-005","Scott River Valley","Siskiyou",63,"Irrigation","Single Well","11287",58321,"UCDavis_Well_Review_2013",NA
"164",NA,"WCRfn_58327",NA,"LEWIS",41.5516281368785,-122.915535145707,"UCDavis_Well_Review_2013","Unknown","1-005","Scott River Valley","Siskiyou",102,"Irrigation","Single Well","11294",58327,"UCDavis_Well_Review_2013",NA
"165",NA,"WCRfn_58330",NA,"HURLIMAN",41.519879402459,-122.900030027417,"UCDavis_Well_Review_2013","Unknown","1-005","Scott River Valley","Siskiyou",100,"Irrigation","Single Well","11297",58330,"UCDavis_Well_Review_2013",NA
"166",NA,"WCRfn_58333",NA,"HANSON",41.5536386995003,-122.897003950305,"UCDavis_Well_Review_2013","Unknown","1-005","Scott River Valley","Siskiyou",104,"Irrigation","Single Well","11300",58333,"UCDavis_Well_Review_2013",NA
"167",NA,"WCRfn_58336",NA,"HULLQUIST",41.6253644289017,-122.873588180035,"UCDavis_Well_Review_2013","Unknown","1-005","Scott River Valley","Siskiyou",104,"Irrigation","Single Well","11753",58336,"UCDavis_Well_Review_2013",NA
"168",NA,"WCRfn_58339",NA,"KNOWLTON",41.577082062777,-122.968182573494,"UCDavis_Well_Review_2013","Unknown","1-005","Scott River Valley","Siskiyou",126,"Irrigation","Single Well","11756",58339,"UCDavis_Well_Review_2013",NA
"169",NA,"WCRfn_58399",NA,"SWEEZEY",41.485603675806,-122.855275795834,"UCDavis_Well_Review_2013","Unknown","1-005","Scott River Valley","Siskiyou",60,"Irrigation","Single Well","54319",58399,"UCDavis_Well_Review_2013",NA
"170",NA,"WCRfn_58440",NA,"BANNING",41.5994752690104,-122.84762305743,"UCDavis_Well_Review_2013","Unknown","1-005","Scott River Valley","Siskiyou",13,"Irrigation","Single Well","70933",58440,"UCDavis_Well_Review_2013",NA
"171",NA,"WCRfn_58443",NA,"BANNING",41.5975304483073,-122.849461784533,"UCDavis_Well_Review_2013","Unknown","1-005","Scott River Valley","Siskiyou",20,"Irrigation","Single Well","70937",58443,"UCDavis_Well_Review_2013",NA
"172",NA,"WCRfn_58445",NA,"AXTON",41.4609287188813,-122.878801041958,"UCDavis_Well_Review_2013","Unknown","1-005","Scott River Valley","Siskiyou",30,"Irrigation","Single Well","70939",58445,"UCDavis_Well_Review_2013",NA
"173",NA,"WCRfn_58575",NA,"THAKERAY",41.4866138742317,-122.889930120418,"UCDavis_Well_Review_2013","Unknown","1-005","Scott River Valley","Siskiyou",191,"Irrigation","Single Well","54855",58575,"UCDavis_Well_Review_2013",NA
"174",NA,"WCRfn_58577",NA,"THACKERAY",41.4958691159086,-122.887397323385,"UCDavis_Well_Review_2013","Unknown","1-005","Scott River Valley","Siskiyou",220,"Irrigation","Single Well","54858",58577,"UCDavis_Well_Review_2013",NA
"175",NA,"WCRfn_58582",NA,"BACKMAN",41.4190155307395,-122.850130102201,"UCDavis_Well_Review_2013","Unknown","1-005","Scott River Valley","Siskiyou",80,"Irrigation","Single Well","54864",58582,"UCDavis_Well_Review_2013",NA
"176",NA,"WCRfn_58585",NA,"RANCHO DEL SOL",41.4997964805525,-122.834264983852,"UCDavis_Well_Review_2013","Unknown","1-005","Scott River Valley","Siskiyou",253,"Irrigation","Single Well","54872",58585,"UCDavis_Well_Review_2013",NA
"177",NA,"WCRfn_58606",NA,"BECKMAN & DUDLEY RCH",41.4157955420379,-122.855729287907,"UCDavis_Well_Review_2013","Unknown","1-005","Scott River Valley","Siskiyou",43,"Irrigation","Single Well","54921",58606,"UCDavis_Well_Review_2013",NA
"178",NA,"WCRfn_58694",NA,"SEAVER",41.5742940200434,-122.855080996928,"UCDavis_Well_Review_2013","Unknown","1-005","Scott River Valley","Siskiyou",80,"Irrigation","Single Well","49059",58694,"UCDavis_Well_Review_2013",NA
"179",NA,"WCRfn_58911",NA,"RANCHO DEL SOL",41.4914578495871,-122.853528210359,"UCDavis_Well_Review_2013","Unknown","1-005","Scott River Valley","Siskiyou",142,"Irrigation","Single Well","1013",58911,"UCDavis_Well_Review_2013",NA
"180",NA,"WCRfn_58917",NA,"SIS UN H.S. DIST",41.6107687201447,-122.843321345822,"UCDavis_Well_Review_2013","Unknown","1-005","Scott River Valley","Siskiyou",91,"Irrigation","Single Well","1019",58917,"UCDavis_Well_Review_2013",NA
"181",NA,"WCRfn_58921",NA,"KELLOGG, NADINE",41.564888650658,-122.85494322242,"UCDavis_Well_Review_2013","Unknown","1-005","Scott River Valley","Siskiyou",60,"Irrigation","Single Well","1023",58921,"UCDavis_Well_Review_2013",NA
"182",NA,"WCRfn_59036",NA,"KING, M. A.",41.6262883990041,-122.828300068323,"UCDavis_Well_Review_2013","Unknown","1-005","Scott River Valley","Siskiyou",32,"Irrigation","Single Well","3397",59036,"UCDavis_Well_Review_2013",NA
"183",NA,"WCRfn_59037",NA,"HERMAN",41.5704547579328,-122.87211022339,"UCDavis_Well_Review_2013","Unknown","1-005","Scott River Valley","Siskiyou",104,"Irrigation","Single Well","3398",59037,"UCDavis_Well_Review_2013",NA
"184",NA,"WCRfn_59177",NA,"WHIPPLE",41.4723677772155,-122.844864920915,"UCDavis_Well_Review_2013","Unknown","1-005","Scott River Valley","Siskiyou",100,"Irrigation","Single Well","5725",59177,"UCDavis_Well_Review_2013",NA
"185",NA,"WCRfn_59195",NA,"BECKMAN",41.4444019234778,-122.879777161725,"UCDavis_Well_Review_2013","Unknown","1-005","Scott River Valley","Siskiyou",36,"Irrigation","Single Well","5746",59195,"UCDavis_Well_Review_2013",NA
"186",NA,"WCRfn_59196",NA,"BECKMAN",41.4392085511716,-122.882760981787,"UCDavis_Well_Review_2013","Unknown","1-005","Scott River Valley","Siskiyou",70,"Irrigation","Single Well","5747",59196,"UCDavis_Well_Review_2013",NA
"187",NA,"WCRfn_59197",NA,"BECKMAN",41.4394897778757,-122.881017008602,"UCDavis_Well_Review_2013","Unknown","1-005","Scott River Valley","Siskiyou",36,"Irrigation","Single Well","5748",59197,"UCDavis_Well_Review_2013",NA
"188",NA,"WCRfn_59198",NA,"BECKMAN",41.4395177202044,-122.884572243383,"UCDavis_Well_Review_2013","Unknown","1-005","Scott River Valley","Siskiyou",66,"Irrigation","Single Well","5749",59198,"UCDavis_Well_Review_2013",NA
"189",NA,"WCRfn_59402",NA,"WAGNER",41.54662264693,-122.914558241464,"UCDavis_Well_Review_2013","Unknown","1-005","Scott River Valley","Siskiyou",67,"Irrigation","Single Well","11764",59402,"UCDavis_Well_Review_2013",NA
"190",NA,"WCRfn_59408",NA,"KING, MANUEL",41.6243429311463,-122.802450451472,"UCDavis_Well_Review_2013","Unknown","1-005","Scott River Valley","Siskiyou",45,"Irrigation","Single Well","11770",59408,"UCDavis_Well_Review_2013",NA
"191",NA,"WCRfn_59410",NA,"KRELL",41.5413392320147,-122.849188263143,"UCDavis_Well_Review_2013","Unknown","1-005","Scott River Valley","Siskiyou",67,"Irrigation","Single Well","11772",59410,"UCDavis_Well_Review_2013",NA
"192",NA,"WCRfn_59413",NA,"DWYER",41.6255640553644,-122.812901889248,"UCDavis_Well_Review_2013","Unknown","1-005","Scott River Valley","Siskiyou",65,"Irrigation","Single Well","11776",59413,"UCDavis_Well_Review_2013",NA
"193",NA,"WCRfn_59466",NA,"WEST",41.5910291906771,-122.842625316464,"UCDavis_Well_Review_2013","Unknown","1-005","Scott River Valley","Siskiyou",145,"Irrigation","Single Well","14258",59466,"UCDavis_Well_Review_2013",NA
"194",NA,"WCRfn_59477",NA,"LODGMAN",41.6358310088556,-122.876720880054,"UCDavis_Well_Review_2013","Unknown","1-005","Scott River Valley","Siskiyou",89,"Irrigation","Single Well","14272",59477,"UCDavis_Well_Review_2013",NA
"195",NA,"WCRfn_59479",NA,"TANKERSLY",41.6254118335239,-122.812846988241,"UCDavis_Well_Review_2013","Unknown","1-005","Scott River Valley","Siskiyou",60,"Irrigation","Single Well","14274",59479,"UCDavis_Well_Review_2013",NA
"196",NA,"WCRfn_59480",NA,"BURTON, ED",41.6259345643504,-122.966900837763,"UCDavis_Well_Review_2013","Unknown","1-005","Scott River Valley","Siskiyou",100,"Irrigation","Single Well","14275",59480,"UCDavis_Well_Review_2013",NA
"197",NA,"WCRfn_59482",NA,"WALKER, JAMES",41.5959498403464,-122.843453661924,"UCDavis_Well_Review_2013","Unknown","1-005","Scott River Valley","Siskiyou",95,"Irrigation","Single Well","14277",59482,"UCDavis_Well_Review_2013",NA
"198",NA,"WCRfn_59484",NA,"CORRAGAN",41.5126013655907,-122.884689253534,"UCDavis_Well_Review_2013","Unknown","1-005","Scott River Valley","Siskiyou",111,"Irrigation","Single Well","14279",59484,"UCDavis_Well_Review_2013",NA
"199",NA,"WCRfn_59500",NA,"HANNA BROS",41.4792179459515,-122.831483771994,"UCDavis_Well_Review_2013","Unknown","1-005","Scott River Valley","Siskiyou",275,"Irrigation","Single Well","14816",59500,"UCDavis_Well_Review_2013",NA
"200",NA,"WCRfn_59549",NA,"WALKER RANCH",41.5998353227198,-122.853753595626,"UCDavis_Well_Review_2013","Unknown","1-005","Scott River Valley","Siskiyou",104,"Irrigation","Single Well","18318",59549,"UCDavis_Well_Review_2013",NA
"201",NA,"WCRfn_59560",NA,"SMITH, RALPH",41.6189352873109,-122.873971159777,"UCDavis_Well_Review_2013","Unknown","1-005","Scott River Valley","Siskiyou",123,"Irrigation","Single Well","18329",59560,"UCDavis_Well_Review_2013",NA
"202",NA,"WCRfn_59743",NA,"MAKEL",41.6187515593932,-122.784390374638,"UCDavis_Well_Review_2013","Unknown","1-005","Scott River Valley","Siskiyou",40,"Irrigation","Single Well","48704",59743,"UCDavis_Well_Review_2013",NA
"203",NA,"WCRfn_59751",NA,"HULLQUIST",41.6296107197798,-122.884102578132,"UCDavis_Well_Review_2013","Unknown","1-005","Scott River Valley","Siskiyou",57,"Irrigation","Single Well","49057",59751,"UCDavis_Well_Review_2013",NA
"204",NA,"WCRfn_59752",NA,"SEAVER",41.5394019424296,-122.857757099208,"UCDavis_Well_Review_2013","Unknown","1-005","Scott River Valley","Siskiyou",80,"Irrigation","Single Well","49058",59752,"UCDavis_Well_Review_2013",NA
"205",NA,"WCRfn_59757",NA,"BECKMAN",41.4440029027731,-122.86780179036,"UCDavis_Well_Review_2013","Unknown","1-005","Scott River Valley","Siskiyou",100,"Irrigation","Single Well","49701",59757,"UCDavis_Well_Review_2013",NA
"206",NA,"WCRfn_59764",NA,"HAMMOND",41.4696459125176,-122.883597281953,"UCDavis_Well_Review_2013","Unknown","1-005","Scott River Valley","Siskiyou",22,"Irrigation","Single Well","49712",59764,"UCDavis_Well_Review_2013",NA
"207",NA,"WCRfn_59766",NA,"SMILEY",41.5920724866513,-122.859801604336,"UCDavis_Well_Review_2013","Unknown","1-005","Scott River Valley","Siskiyou",70,"Irrigation","Single Well","49715",59766,"UCDavis_Well_Review_2013",NA
"208",NA,"WCRfn_59770",NA,"BECKMAN",41.4307573799225,-122.906552983172,"UCDavis_Well_Review_2013","Unknown","1-005","Scott River Valley","Siskiyou",72,"Irrigation","Single Well","49719",59770,"UCDavis_Well_Review_2013",NA
"209",NA,"WCRfn_59773",NA,"DE LA MONTANGER",41.5672912105175,-122.839832006525,"UCDavis_Well_Review_2013","Unknown","1-005","Scott River Valley","Siskiyou",120,"Irrigation","Single Well","49722",59773,"UCDavis_Well_Review_2013",NA
"210",NA,"WCRfn_59812",NA,"CORRIGAN",41.5121480181998,-122.883791046379,"UCDavis_Well_Review_2013","Unknown","1-005","Scott River Valley","Siskiyou",58,"Irrigation","Single Well","49823",59812,"UCDavis_Well_Review_2013",NA
"211",NA,"WCRfn_59867",NA,"BECKMAN",41.4447887666545,-122.880699548831,"UCDavis_Well_Review_2013","Unknown","1-005","Scott River Valley","Siskiyou",44,"Irrigation","Single Well","49951",59867,"UCDavis_Well_Review_2013",NA
"212",NA,"WCRfn_59868",NA,"BECKMAN",41.4407406791961,-122.872057811686,"UCDavis_Well_Review_2013","Unknown","1-005","Scott River Valley","Siskiyou",48,"Irrigation","Single Well","49952",59868,"UCDavis_Well_Review_2013",NA
"213",NA,"WCRfn_59869",NA,"BECKMAN",41.4408516276073,-122.879544423922,"UCDavis_Well_Review_2013","Unknown","1-005","Scott River Valley","Siskiyou",28,"Irrigation","Single Well","49953",59869,"UCDavis_Well_Review_2013",NA
"214",NA,"WCRfn_59874",NA,"BECKMAN",41.443957862501,-122.873487302787,"UCDavis_Well_Review_2013","Unknown","1-005","Scott River Valley","Siskiyou",118,"Irrigation","Single Well","49958",59874,"UCDavis_Well_Review_2013",NA
"215",NA,"WCRfn_59876",NA,"LANGFORD, CARL",41.6224036330554,-122.80348031277,"UCDavis_Well_Review_2013","Unknown","1-005","Scott River Valley","Siskiyou",47,"Irrigation","Single Well","49964",59876,"UCDavis_Well_Review_2013",NA
"216",NA,"WCRfn_59877",NA,"BECKMAN",41.4423358313886,-122.872225621241,"UCDavis_Well_Review_2013","Unknown","1-005","Scott River Valley","Siskiyou",162,"Irrigation","Single Well","49965",59877,"UCDavis_Well_Review_2013",NA
"217",NA,"WCRfn_59878",NA,"BECKMAN",41.443618789849,-122.869351259406,"UCDavis_Well_Review_2013","Unknown","1-005","Scott River Valley","Siskiyou",67,"Irrigation","Single Well","49966",59878,"UCDavis_Well_Review_2013",NA
"218",NA,"WCRfn_59899",NA,"SWEEZEY",41.4927730523307,-122.842436750279,"UCDavis_Well_Review_2013","Unknown","1-005","Scott River Valley","Siskiyou",60,"Irrigation","Single Well","54330",59899,"UCDavis_Well_Review_2013",NA
"219",NA,"WCRfn_59902",NA,"SWEEZEY",41.4867390127497,-122.843471736032,"UCDavis_Well_Review_2013","Unknown","1-005","Scott River Valley","Siskiyou",100,"Irrigation","Single Well","54333",59902,"UCDavis_Well_Review_2013",NA
"220",NA,"WCRfn_60087",NA,"KRAUS",41.5435904136666,-122.813428763584,"UCDavis_Well_Review_2013","Unknown","1-005","Scott River Valley","Siskiyou",65,"Irrigation","Single Well","54930",60087,"UCDavis_Well_Review_2013",NA
"221",NA,"WCRfn_60093",NA,"RICHMAN",41.5956989356411,-122.856603205096,"UCDavis_Well_Review_2013","Unknown","1-005","Scott River Valley","Siskiyou",88,"Irrigation","Single Well","54936",60093,"UCDavis_Well_Review_2013",NA
"222",NA,"WCRfn_60097",NA,"MARTIN",41.5591876899719,-122.871666057576,"UCDavis_Well_Review_2013","Unknown","1-005","Scott River Valley","Siskiyou",80,"Irrigation","Single Well","54940",60097,"UCDavis_Well_Review_2013",NA
"223",NA,"WCRfn_60296",NA,"MYERS",41.6245098968749,-122.766144191391,"UCDavis_Well_Review_2013","Unknown","1-005","Scott River Valley","Siskiyou",74,"Irrigation","Single Well","107306",60296,"UCDavis_Well_Review_2013",NA
"224",NA,"WCRfn_60298",NA,"FT.JONES HIGH SCH.",41.6108975322943,-122.843459535857,"UCDavis_Well_Review_2013","Unknown","1-005","Scott River Valley","Siskiyou",36,"Irrigation","Single Well","107308",60298,"UCDavis_Well_Review_2013",NA
"225",NA,"WCRfn_60316",NA,"FOWLE",41.4298620144785,-122.841867494766,"UCDavis_Well_Review_2013","Unknown","1-005","Scott River Valley","Siskiyou",110,"Irrigation","Single Well","123547",60316,"UCDavis_Well_Review_2013",NA
"226",NA,"WCRfn_60318",NA,"HAND",41.5772340933802,-122.832130652734,"UCDavis_Well_Review_2013","Unknown","1-005","Scott River Valley","Siskiyou",170,"Irrigation","Single Well","123549",60318,"UCDavis_Well_Review_2013",NA
"227",NA,"WCRfn_60319",NA,"MARTIN DAIRY",41.5630562015026,-122.88660783222,"UCDavis_Well_Review_2013","Unknown","1-005","Scott River Valley","Siskiyou",146,"Irrigation","Single Well","123550",60319,"UCDavis_Well_Review_2013",NA
"228",NA,"WCRfn_60323",NA,"BROWN, ROBERT",41.633082548949,-122.83293544343,"UCDavis_Well_Review_2013","Unknown","1-005","Scott River Valley","Siskiyou",69,"Irrigation","Single Well","123727",60323,"UCDavis_Well_Review_2013",NA
"229",NA,"WCRfn_60324",NA,"BROWN, ROBERT",41.6359713828369,-122.831047160478,"UCDavis_Well_Review_2013","Unknown","1-005","Scott River Valley","Siskiyou",68,"Irrigation","Single Well","123728",60324,"UCDavis_Well_Review_2013",NA
"230",NA,"WCRfn_60364",NA,"UNDERWOOD",41.5805764356235,-122.867459816313,"UCDavis_Well_Review_2013","Unknown","1-005","Scott River Valley","Siskiyou",165,"Irrigation","Single Well","126213",60364,"UCDavis_Well_Review_2013",NA
"231",NA,"WCRfn_60394",NA,"EVANS, FLOYD",41.6377679508887,-122.916882206383,"UCDavis_Well_Review_2013","Unknown","1-005","Scott River Valley","Siskiyou",147,"Irrigation","Single Well","65220",60394,"UCDavis_Well_Review_2013",NA
"232",NA,"WCRfn_60395",NA,"KRAUSE",41.5456047244391,-122.819690639918,"UCDavis_Well_Review_2013","Unknown","1-005","Scott River Valley","Siskiyou",107,"Irrigation","Single Well","65221",60395,"UCDavis_Well_Review_2013",NA
"233",NA,"WCRfn_60396",NA,"MOORE",41.6366351712692,-122.913425383691,"UCDavis_Well_Review_2013","Unknown","1-005","Scott River Valley","Siskiyou",112,"Irrigation","Single Well","65222",60396,"UCDavis_Well_Review_2013",NA
"234",NA,"WCRfn_60400",NA,"TANKERSBY",41.6264036478786,-122.81022564294,"UCDavis_Well_Review_2013","Unknown","1-005","Scott River Valley","Siskiyou",84,"Irrigation","Single Well","65226",60400,"UCDavis_Well_Review_2013",NA
"235",NA,"WCRfn_60401",NA,"MULLORY",41.5915723288167,-122.836364963384,"UCDavis_Well_Review_2013","Unknown","1-005","Scott River Valley","Siskiyou",102,"Irrigation","Single Well","65227",60401,"UCDavis_Well_Review_2013",NA
"236",NA,"WCRfn_60405",NA,"KRELL",41.5484306630204,-122.850576570388,"UCDavis_Well_Review_2013","Unknown","1-005","Scott River Valley","Siskiyou",125,"Irrigation","Single Well","65234",60405,"UCDavis_Well_Review_2013",NA
"237",NA,"WCRfn_60406",NA,"MAC FARLANE",41.558784599056,-122.837599190634,"UCDavis_Well_Review_2013","Unknown","1-005","Scott River Valley","Siskiyou",250,"Irrigation","Single Well","65236",60406,"UCDavis_Well_Review_2013",NA
"238",NA,"WCRfn_60889",NA,"LEARY",41.6359601209221,-122.831106502145,"UCDavis_Well_Review_2013","Unknown","1-005","Scott River Valley","Siskiyou",65,"Irrigation","Single Well","93336",60889,"UCDavis_Well_Review_2013",NA
"239",NA,"WCRfn_61217",NA,"PIERSALL",41.5704393947096,-122.831696491708,"UCDavis_Well_Review_2013","Unknown","1-005","Scott River Valley","Siskiyou",135,"Irrigation","Single Well","112528",61217,"UCDavis_Well_Review_2013",NA
"240",NA,"WCRfn_61222",NA,"HANNA",41.5595096794346,-122.848478411962,"UCDavis_Well_Review_2013","Unknown","1-005","Scott River Valley","Siskiyou",120,"Irrigation","Single Well","112536",61222,"UCDavis_Well_Review_2013",NA
"241",NA,"WCRfn_61223",NA,"AXTON",41.4613016642934,-122.878662763319,"UCDavis_Well_Review_2013","Unknown","1-005","Scott River Valley","Siskiyou",108,"Irrigation","Single Well","112537",61223,"UCDavis_Well_Review_2013",NA
"242",NA,"WCRfn_61244",NA,"KUHNLE",41.6338611159348,-122.752167431602,"UCDavis_Well_Review_2013","Unknown","1-005","Scott River Valley","Siskiyou",88,"Irrigation","Single Well","112575",61244,"UCDavis_Well_Review_2013",NA
"243",NA,"WCRfn_61260",NA,"AXTON",41.4605792009311,-122.881367987868,"UCDavis_Well_Review_2013","Unknown","1-005","Scott River Valley","Siskiyou",13,"Irrigation","Single Well","112906",61260,"UCDavis_Well_Review_2013",NA
"244",NA,"WCRfn_61291",NA,"KING",41.6261611970506,-122.830532801896,"UCDavis_Well_Review_2013","Unknown","1-005","Scott River Valley","Siskiyou",33,"Irrigation","Single Well","112943",61291,"UCDavis_Well_Review_2013",NA
"245",NA,"WCRfn_61388",NA,"DOUBLE J.D.RANCH",41.5461357944068,-122.90180606353,"UCDavis_Well_Review_2013","Unknown","1-005","Scott River Valley","Siskiyou",34,"Irrigation","Single Well","113920",61388,"UCDavis_Well_Review_2013",NA
"246",NA,"WCRfn_61390",NA,"OSTER",41.6184415017844,-122.782130230287,"UCDavis_Well_Review_2013","Unknown","1-005","Scott River Valley","Siskiyou",101,"Irrigation","Single Well","114352",61390,"UCDavis_Well_Review_2013",NA
"247",NA,"WCRfn_61391",NA,"OXLEY",41.4099515581725,-122.850614691283,"UCDavis_Well_Review_2013","Unknown","1-005","Scott River Valley","Siskiyou",65,"Irrigation","Single Well","114353",61391,"UCDavis_Well_Review_2013",NA
"248",NA,"WCRfn_61393",NA,"MARTIN",41.5543614914193,-122.880302111708,"UCDavis_Well_Review_2013","Unknown","1-005","Scott River Valley","Siskiyou",81,"Irrigation","Single Well","114355",61393,"UCDavis_Well_Review_2013",NA
"249",NA,"WCRfn_61397",NA,"SHEFFIELD",41.5518845368336,-122.908083866858,"UCDavis_Well_Review_2013","Unknown","1-005","Scott River Valley","Siskiyou",33,"Irrigation","Single Well","114359",61397,"UCDavis_Well_Review_2013",NA
"250",NA,"WCRfn_61399",NA,"HOHBERG",41.6205176685508,-122.777238953051,"UCDavis_Well_Review_2013","Unknown","1-005","Scott River Valley","Siskiyou",62,"Irrigation","Single Well","114361",61399,"UCDavis_Well_Review_2013",NA
"251",NA,"WCRfn_61404",NA,"SMITH, RALPH",41.6308544969794,-122.94596369749,"UCDavis_Well_Review_2013","Unknown","1-005","Scott River Valley","Siskiyou",100,"Irrigation","Single Well","114366",61404,"UCDavis_Well_Review_2013",NA
"252",NA,"WCRfn_61408",NA,"TOBIAS",41.5704883091918,-122.848018323846,"UCDavis_Well_Review_2013","Unknown","1-005","Scott River Valley","Siskiyou",101,"Irrigation","Single Well","114370",61408,"UCDavis_Well_Review_2013",NA
"253",NA,"WCRfn_61442",NA,"VEALE",41.4398752787612,-122.858043103437,"UCDavis_Well_Review_2013","Unknown","1-005","Scott River Valley","Siskiyou",150,"Irrigation","Single Well","115693",61442,"UCDavis_Well_Review_2013",NA
"254",NA,"WCRfn_61448",NA,"SWEEZEY",41.4658597907027,-122.86007262445,"UCDavis_Well_Review_2013","Unknown","1-005","Scott River Valley","Siskiyou",240,"Irrigation","Single Well","115700",61448,"UCDavis_Well_Review_2013",NA
"255",NA,"WCRfn_61574",NA,"PIMENTEL",41.4781204748424,-122.889496976138,"UCDavis_Well_Review_2013","Unknown","1-005","Scott River Valley","Siskiyou",125,"Irrigation","Single Well","123508",61574,"UCDavis_Well_Review_2013",NA
"256",NA,"WCRfn_61583",NA,"DENNY",41.4087531536475,-122.816357509478,"UCDavis_Well_Review_2013","Unknown","1-005","Scott River Valley","Siskiyou",75,"Irrigation","Single Well","123519",61583,"UCDavis_Well_Review_2013",NA
"257",NA,"WCRfn_61587",NA,"SANTOS & COSTA",41.62901350167,-122.762096798963,"UCDavis_Well_Review_2013","Unknown","1-005","Scott River Valley","Siskiyou",48,"Irrigation","Single Well","123524",61587,"UCDavis_Well_Review_2013",NA
"258",NA,"WCRfn_61588",NA,"LINCOLN",41.4423912148091,-122.902584020739,"UCDavis_Well_Review_2013","Unknown","1-005","Scott River Valley","Siskiyou",47,"Irrigation","Single Well","123525",61588,"UCDavis_Well_Review_2013",NA
"259",NA,"WCRfn_61596",NA,"FRIDEN",41.5660671017957,-122.922551301233,"UCDavis_Well_Review_2013","Unknown","1-005","Scott River Valley","Siskiyou",400,"Irrigation","Single Well","123534",61596,"UCDavis_Well_Review_2013",NA
"260",NA,"WCRfn_61604",NA,"BURTON",41.5783777596813,-122.859504698327,"UCDavis_Well_Review_2013","Unknown","1-005","Scott River Valley","Siskiyou",70,"Irrigation","Single Well","126221",61604,"UCDavis_Well_Review_2013",NA
"261",NA,"WCRfn_61613",NA,"STAFFORD",41.6317197421983,-122.988046365021,"UCDavis_Well_Review_2013","Unknown","1-005","Scott River Valley","Siskiyou",35,"Irrigation","Single Well","126230",61613,"UCDavis_Well_Review_2013",NA
"262",NA,"WCRfn_61618",NA,"BECKMAN",41.4160132345885,-122.865759373895,"UCDavis_Well_Review_2013","Unknown","1-005","Scott River Valley","Siskiyou",53,"Irrigation","Single Well","126236",61618,"UCDavis_Well_Review_2013",NA
"263",NA,"WCRfn_61622",NA,"KRAUS",41.5457189277369,-122.831441304956,"UCDavis_Well_Review_2013","Unknown","1-005","Scott River Valley","Siskiyou",150,"Irrigation","Single Well","126241",61622,"UCDavis_Well_Review_2013",NA
"264",NA,"WCRfn_61624",NA,"CRAMMER",41.6228888204673,-122.785185789596,"UCDavis_Well_Review_2013","Unknown","1-005","Scott River Valley","Siskiyou",40,"Irrigation","Single Well","126243",61624,"UCDavis_Well_Review_2013",NA
"265",NA,"WCRfn_61717",NA,"REESE",41.3723148067263,-122.816696192044,"UCDavis_Well_Review_2013","Unknown","1-005","Scott River Valley","Siskiyou",16,"Irrigation","Single Well","128015",61717,"UCDavis_Well_Review_2013",NA
"266",NA,"WCRfn_61719",NA,"GREGORY",41.5953776938169,-122.840178235779,"UCDavis_Well_Review_2013","Unknown","1-005","Scott River Valley","Siskiyou",80,"Irrigation","Single Well","128017",61719,"UCDavis_Well_Review_2013",NA
"267",NA,"WCRfn_61727",NA,"RANCHO DEL SOL",41.4946452543811,-122.866888639174,"UCDavis_Well_Review_2013","Unknown","1-005","Scott River Valley","Siskiyou",207,"Irrigation","Single Well","128026",61727,"UCDavis_Well_Review_2013",NA
"268",NA,"WCRfn_61827",NA,"KRELL",41.5413495915397,-122.843525947678,"UCDavis_Well_Review_2013","Unknown","1-005","Scott River Valley","Siskiyou",114,"Irrigation","Single Well","129401",61827,"UCDavis_Well_Review_2013",NA
"269",NA,"WCRfn_61902",NA,"DUDLEY",41.428371565435,-122.863260930062,"UCDavis_Well_Review_2013","Unknown","1-005","Scott River Valley","Siskiyou",110,"Irrigation","Single Well","133103",61902,"UCDavis_Well_Review_2013",NA
"270",NA,"WCRfn_61903",NA,"LEWIS",41.5765598806207,-122.914348581644,"UCDavis_Well_Review_2013","Unknown","1-005","Scott River Valley","Siskiyou",63,"Irrigation","Single Well","133104",61903,"UCDavis_Well_Review_2013",NA
"271",NA,"WCRfn_61906",NA,"BARBOUR",41.4430351017518,-122.903471897368,"UCDavis_Well_Review_2013","Unknown","1-005","Scott River Valley","Siskiyou",92,"Irrigation","Single Well","133108",61906,"UCDavis_Well_Review_2013",NA
"272",NA,"WCRfn_61916",NA,"LOCKETT",41.4634147332311,-122.891365724283,"UCDavis_Well_Review_2013","Unknown","1-005","Scott River Valley","Siskiyou",28,"Irrigation","Single Well","133120",61916,"UCDavis_Well_Review_2013",NA
"273",NA,"WCRfn_61931",NA,"MARTIN",41.5593781461414,-122.886251493163,"UCDavis_Well_Review_2013","Unknown","1-005","Scott River Valley","Siskiyou",105,"Irrigation","Single Well","133138",61931,"UCDavis_Well_Review_2013",NA
"274",NA,"WCRfn_61933",NA,"ANDERSON, J. F.",41.4344882090972,-122.849664340299,"UCDavis_Well_Review_2013","Unknown","1-005","Scott River Valley","Siskiyou",97,"Irrigation","Single Well","133140",61933,"UCDavis_Well_Review_2013",NA
"275",NA,"WCRfn_62084",NA,"DOWLING",41.5037174214437,-122.831721138202,"UCDavis_Well_Review_2013","Unknown","1-005","Scott River Valley","Siskiyou",170,"Irrigation","Single Well","134575",62084,"UCDavis_Well_Review_2013",NA
"276",NA,"WCRfn_62133",NA,"HANSON, WALTER",41.535343347703,-122.843110058317,"UCDavis_Well_Review_2013","Unknown","1-005","Scott River Valley","Siskiyou",152,"Irrigation","Single Well","141877",62133,"UCDavis_Well_Review_2013",NA
"277",NA,"WCRfn_62888",NA,"HANNA BROTHERS",41.5565186026827,-122.860505875696,"UCDavis_Well_Review_2013","Unknown","1-005","Scott River Valley","Siskiyou",101,"Irrigation","Single Well","212708",62888,"UCDavis_Well_Review_2013",NA
"278",NA,"WCRfn_62889",NA,"HANNA BROTHERS",41.559457078401,-122.860732688542,"UCDavis_Well_Review_2013","Unknown","1-005","Scott River Valley","Siskiyou",140,"Irrigation","Single Well","212709",62889,"UCDavis_Well_Review_2013",NA
"279",NA,"WCRfn_62895",NA,"DUDLEY",41.4152338640164,-122.859912456578,"UCDavis_Well_Review_2013","Unknown","1-005","Scott River Valley","Siskiyou",133,"Irrigation","Single Well","212715",62895,"UCDavis_Well_Review_2013",NA
"280",NA,"WCRfn_62976",NA,"FT JONES CEM DIST",41.5873028357384,-122.838896061425,"UCDavis_Well_Review_2013","Unknown","1-005","Scott River Valley","Siskiyou",141,"Irrigation","Single Well","493810",62976,"UCDavis_Well_Review_2013",NA
"281",NA,"WCRfn_62982",NA,"JOHNSON, JAMES",41.526408703347,-122.902342195276,"UCDavis_Well_Review_2013","Unknown","1-005","Scott River Valley","Siskiyou",107,"Irrigation","Single Well","493825",62982,"UCDavis_Well_Review_2013",NA
"282",NA,"WCRfn_62983",NA,"COSTA, ARLAND",41.6289790392714,-122.75887148112,"UCDavis_Well_Review_2013","Unknown","1-005","Scott River Valley","Siskiyou",200,"Irrigation","Single Well","493828",62983,"UCDavis_Well_Review_2013",NA
"283",NA,"WCRfn_63031",NA,"CAIN",41.416775612116,-122.802089780981,"UCDavis_Well_Review_2013","Unknown","1-005","Scott River Valley","Siskiyou",95,"Irrigation","Single Well","213884",63031,"UCDavis_Well_Review_2013",NA
"284",NA,"WCRfn_63040",NA,"CAIN SR",41.4168069370358,-122.802182064027,"UCDavis_Well_Review_2013","Unknown","1-005","Scott River Valley","Siskiyou",125,"Irrigation","Single Well","213894",63040,"UCDavis_Well_Review_2013",NA
"285",NA,"WCRfn_63158",NA,"CRAMER",41.6214228251716,-122.784381476829,"UCDavis_Well_Review_2013","Unknown","1-005","Scott River Valley","Siskiyou",90,"Irrigation","Single Well","216563",63158,"UCDavis_Well_Review_2013",NA
"286",NA,"WCRfn_63261",NA,"BARNES, RICHARD",41.3901640780387,-122.834912005063,"UCDavis_Well_Review_2013","Unknown","1-005","Scott River Valley","Siskiyou",60,"Irrigation","Single Well","278171",63261,"UCDavis_Well_Review_2013",NA
"287",NA,"WCRfn_63312",NA,"DUNLOP",41.6105760300736,-122.859174419806,"UCDavis_Well_Review_2013","Unknown","1-005","Scott River Valley","Siskiyou",55,"Irrigation","Single Well","280014",63312,"UCDavis_Well_Review_2013",NA
"288",NA,"WCRfn_63564",NA,"HICKS",41.4565718606286,-122.891033985584,"UCDavis_Well_Review_2013","Unknown","1-005","Scott River Valley","Siskiyou",63,"Irrigation","Single Well","333898",63564,"UCDavis_Well_Review_2013",NA
"289",NA,"WCRfn_63960",NA,"STATON",41.5099021536804,-122.891208237602,"UCDavis_Well_Review_2013","Unknown","1-005","Scott River Valley","Siskiyou",120,"Irrigation","Single Well","378163",63960,"UCDavis_Well_Review_2013",NA
"290",NA,"WCRfn_63965",NA,"BARNES, RICHARD",41.3871697048841,-122.837656534417,"UCDavis_Well_Review_2013","Unknown","1-005","Scott River Valley","Siskiyou",57,"Irrigation","Single Well","378170",63965,"UCDavis_Well_Review_2013",NA
"291",NA,"WCRfn_63966",NA,"BARNES, RICHARD",41.551159292629,-122.89596096661,"UCDavis_Well_Review_2013","Unknown","1-005","Scott River Valley","Siskiyou",150,"Irrigation","Single Well","378172",63966,"UCDavis_Well_Review_2013",NA
"292",NA,"WCRfn_63968",NA,"SMITH BROTHERS",41.4859336020424,-122.868566948696,"UCDavis_Well_Review_2013","Unknown","1-005","Scott River Valley","Siskiyou",150,"Irrigation","Single Well","378174",63968,"UCDavis_Well_Review_2013",NA
"293",NA,"WCRfn_63969",NA,"BARNES, GLENN",41.3946612559229,-122.839843931865,"UCDavis_Well_Review_2013","Unknown","1-005","Scott River Valley","Siskiyou",52,"Irrigation","Single Well","378175",63969,"UCDavis_Well_Review_2013",NA
"294",NA,"WCRfn_63975",NA,"THACKERAY",41.5109122573465,-122.855617651405,"UCDavis_Well_Review_2013","Unknown","1-005","Scott River Valley","Siskiyou",171,"Irrigation","Single Well","378184",63975,"UCDavis_Well_Review_2013",NA
"295",NA,"WCRfn_64497",NA,"MENNE",41.609877220422,-122.846152541958,"UCDavis_Well_Review_2013","Unknown","1-005","Scott River Valley","Siskiyou",100,"Irrigation","Single Well","508685",64497,"UCDavis_Well_Review_2013",NA
"296",NA,"WCRfn_64502",NA,"STARR",41.4502747597951,-122.863559508567,"UCDavis_Well_Review_2013","Unknown","1-005","Scott River Valley","Siskiyou",140,"Irrigation","Single Well","508690",64502,"UCDavis_Well_Review_2013",NA
"297",NA,"WCRfn_64504",NA,"NASUS RANCH",41.5769231502652,-122.864673152355,"UCDavis_Well_Review_2013","Unknown","1-005","Scott River Valley","Siskiyou",105,"Irrigation","Single Well","508692",64504,"UCDavis_Well_Review_2013",NA
"298",NA,"WCRfn_64520",NA,"DEWS",41.585358989701,-122.960632179018,"UCDavis_Well_Review_2013","Unknown","1-005","Scott River Valley","Siskiyou",165,"Irrigation","Single Well","508713",64520,"UCDavis_Well_Review_2013",NA
"299",NA,"WCRfn_64540",NA,"BRYAN",41.4999949975395,-122.841676880217,"UCDavis_Well_Review_2013","Unknown","1-005","Scott River Valley","Siskiyou",120,"Irrigation","Single Well","508737",64540,"UCDavis_Well_Review_2013",NA
"300",NA,"WCRfn_64541",NA,"DOWLING",41.5009307333953,-122.830824344142,"UCDavis_Well_Review_2013","Unknown","1-005","Scott River Valley","Siskiyou",190,"Irrigation","Single Well","508738",64541,"UCDavis_Well_Review_2013",NA
"301",NA,"WCRfn_64543",NA,"HALE",41.5053946176405,-122.885694900718,"UCDavis_Well_Review_2013","Unknown","1-005","Scott River Valley","Siskiyou",170,"Irrigation","Single Well","508740",64543,"UCDavis_Well_Review_2013",NA
"302",NA,"WCRfn_64546",NA,"DOLCINI",41.6086917474501,-122.896511026435,"UCDavis_Well_Review_2013","Unknown","1-005","Scott River Valley","Siskiyou",158,"Irrigation","Single Well","508743",64546,"UCDavis_Well_Review_2013",NA
"303",NA,"WCRfn_64718",NA,"MASON, FRANCIS",41.6239570097338,-122.883530613957,"UCDavis_Well_Review_2013","Unknown","1-005","Scott River Valley","Siskiyou",135,"Irrigation","Single Well","553349",64718,"UCDavis_Well_Review_2013",NA
"304",NA,"WCRfn_64720",NA,"7D RANCH/MENNE",41.6334245819756,-122.913840527345,"UCDavis_Well_Review_2013","Unknown","1-005","Scott River Valley","Siskiyou",105,"Irrigation","Single Well","553351",64720,"UCDavis_Well_Review_2013",NA
"305",NA,"WCRfn_64723",NA,"NOAH",41.5541102115909,-122.834554051033,"UCDavis_Well_Review_2013","Unknown","1-005","Scott River Valley","Siskiyou",135,"Irrigation","Single Well","553354",64723,"UCDavis_Well_Review_2013",NA
"306",NA,"WCRfn_64725",NA,"SCRANTON",41.451025605311,-122.867626745455,"UCDavis_Well_Review_2013","Unknown","1-005","Scott River Valley","Siskiyou",100,"Irrigation","Single Well","553356",64725,"UCDavis_Well_Review_2013",NA
"307",NA,"WCRfn_64727",NA,"LOGSTON",41.5457325813424,-122.903995656254,"UCDavis_Well_Review_2013","Unknown","1-005","Scott River Valley","Siskiyou",80,"Irrigation","Single Well","553358",64727,"UCDavis_Well_Review_2013",NA
"308",NA,"WCRfn_64732",NA,"SCHOONMAKER",41.5393323392575,-122.917644723388,"UCDavis_Well_Review_2013","Unknown","1-005","Scott River Valley","Siskiyou",100,"Irrigation","Single Well","553363",64732,"UCDavis_Well_Review_2013",NA
"309",NA,"WCRfn_64734",NA,"BARNES, RICK",41.5503923855201,-122.89136196903,"UCDavis_Well_Review_2013","Unknown","1-005","Scott River Valley","Siskiyou",100,"Irrigation","Single Well","553365",64734,"UCDavis_Well_Review_2013",NA
"310",NA,"WCRfn_64746",NA,"SCHUCK",41.5922414046524,-122.841257191389,"UCDavis_Well_Review_2013","Unknown","1-005","Scott River Valley","Siskiyou",120,"Irrigation","Single Well","553378",64746,"UCDavis_Well_Review_2013",NA
"311",NA,"WCRfn_64761",NA,"O'BRIEN",41.5417454328461,-122.857351887984,"UCDavis_Well_Review_2013","Unknown","1-005","Scott River Valley","Siskiyou",172,"Irrigation","Single Well","553593",64761,"UCDavis_Well_Review_2013",NA
"312",NA,"WCRfn_64762",NA,"NOAH",41.5540834920944,-122.829580340529,"UCDavis_Well_Review_2013","Unknown","1-005","Scott River Valley","Siskiyou",185,"Irrigation","Single Well","553594",64762,"UCDavis_Well_Review_2013",NA
"313",NA,"WCRfn_64789",NA,"FINLEY",41.6225356518003,-122.797495899793,"UCDavis_Well_Review_2013","Unknown","1-005","Scott River Valley","Siskiyou",100,"Irrigation","Single Well","555009",64789,"UCDavis_Well_Review_2013",NA
"314",NA,"WCRfn_65064",NA,"ALDRICH",41.6209599508857,-122.79062340459,"UCDavis_Well_Review_2013","Unknown","1-005","Scott River Valley","Siskiyou",110,"Irrigation","Single Well","728657",65064,"UCDavis_Well_Review_2013",NA
"315",NA,"WCRfn_65358",NA,"DRAUS",41.6265264394816,-122.828587671515,"UCDavis_Well_Review_2013","Unknown","1-005","Scott River Valley","Siskiyou",180,"Irrigation","Single Well","563225",65358,"UCDavis_Well_Review_2013",NA
"316",NA,"WCRfn_65367",NA,"HAYDEN BROS RANCH",41.5881414237889,-122.969808707551,"UCDavis_Well_Review_2013","Unknown","1-005","Scott River Valley","Siskiyou",220,"Irrigation","Single Well","563235",65367,"UCDavis_Well_Review_2013",NA
"317",NA,"WCRfn_65628",NA,"OBRICAT",41.6214189122196,-122.784312227777,"UCDavis_Well_Review_2013","Unknown","1-005","Scott River Valley","Siskiyou",80,"Irrigation","Single Well","750446",65628,"UCDavis_Well_Review_2013",NA
"318",NA,"WCRfn_65629",NA,"FARNAM",41.5130917863623,-122.895295125671,"UCDavis_Well_Review_2013","Unknown","1-005","Scott River Valley","Siskiyou",115,"Irrigation","Single Well","750447",65629,"UCDavis_Well_Review_2013",NA
"319",NA,"WCRfn_65644",NA,"HALE",41.5019299293595,-122.89488176453,"UCDavis_Well_Review_2013","Unknown","1-005","Scott River Valley","Siskiyou",150,"Irrigation","Single Well","750462",65644,"UCDavis_Well_Review_2013",NA
"320",NA,"WCRfn_65649",NA,"FINLEY",41.6029430409536,-122.855156959573,"UCDavis_Well_Review_2013","Unknown","1-005","Scott River Valley","Siskiyou",90,"Irrigation","Single Well","750468",65649,"UCDavis_Well_Review_2013",NA
"321",NA,"WCRfn_65650",NA,"PALMER",41.5383827328997,-122.923038221939,"UCDavis_Well_Review_2013","Unknown","1-005","Scott River Valley","Siskiyou",100,"Irrigation","Single Well","750469",65650,"UCDavis_Well_Review_2013",NA
"322",NA,"WCRfn_65654",NA,"DIXON",41.5628173544116,-122.796387094645,"UCDavis_Well_Review_2013","Unknown","1-005","Scott River Valley","Siskiyou",155,"Irrigation","Single Well","750473",65654,"UCDavis_Well_Review_2013",NA
"323",NA,"WCRfn_65655",NA,"RITOLA",41.6255656854023,-122.805526018733,"UCDavis_Well_Review_2013","Unknown","1-005","Scott River Valley","Siskiyou",85,"Irrigation","Single Well","750474",65655,"UCDavis_Well_Review_2013",NA
"324",NA,"WCRfn_65841",NA,"HURLIMANN",41.5197184980337,-122.851545465116,"UCDavis_Well_Review_2013","Unknown","1-005","Scott River Valley","Siskiyou",120,"Irrigation","Single Well","755915",65841,"UCDavis_Well_Review_2013",NA
"325",NA,"WCRfn_65843",NA,"POOLE",41.4458041170491,-122.868252808589,"UCDavis_Well_Review_2013","Unknown","1-005","Scott River Valley","Siskiyou",118,"Irrigation","Single Well","755917",65843,"UCDavis_Well_Review_2013",NA
"326",NA,"WCRfn_65856",NA,"MENNE",41.6286679166136,-122.90799241437,"UCDavis_Well_Review_2013","Unknown","1-005","Scott River Valley","Siskiyou",100,"Irrigation","Single Well","755930",65856,"UCDavis_Well_Review_2013",NA
"327",NA,"WCRfn_66111",NA,"WHIPPLE",41.4685797534704,-122.843943908303,"UCDavis_Well_Review_2013","Unknown","1-005","Scott River Valley","Siskiyou",100,"Irrigation","Single Well","784275",66111,"UCDavis_Well_Review_2013",NA
"328",NA,"WCRfn_66124",NA,"PETKUS",41.6376480774839,-122.882462601574,"UCDavis_Well_Review_2013","Unknown","1-005","Scott River Valley","Siskiyou",171,"Irrigation","Single Well","784292",66124,"UCDavis_Well_Review_2013",NA
"329",NA,"WCRfn_66125",NA,"PETKUS",41.6378371200087,-122.879113870674,"UCDavis_Well_Review_2013","Unknown","1-005","Scott River Valley","Siskiyou",171,"Irrigation","Single Well","784292",66125,"UCDavis_Well_Review_2013",NA
"330",NA,"WCRfn_66135",NA,"TOBIAS",41.4129522784979,-122.847813422958,"UCDavis_Well_Review_2013","Unknown","1-005","Scott River Valley","Siskiyou",85,"Irrigation","Single Well","784300",66135,"UCDavis_Well_Review_2013",NA
"331",NA,"WCRfn_66136",NA,"TOBIAS",41.4170610877165,-122.848564279799,"UCDavis_Well_Review_2013","Unknown","1-005","Scott River Valley","Siskiyou",85,"Irrigation","Single Well","784300",66136,"UCDavis_Well_Review_2013",NA
"332",NA,"WCRfn_66149",NA,"DEWS",41.5824196886617,-122.96297714264,"UCDavis_Well_Review_2013","Unknown","1-005","Scott River Valley","Siskiyou",110,"Irrigation","Single Well","784311",66149,"UCDavis_Well_Review_2013",NA
"333",NA,"WCRfn_66164",NA,"MURPHY",41.4553570857035,-122.857475948784,"UCDavis_Well_Review_2013","Unknown","1-005","Scott River Valley","Siskiyou",210,"Irrigation","Single Well","784336",66164,"UCDavis_Well_Review_2013",NA
"334",NA,"WCRfn_66168",NA,"CHENOWETH",41.4477593544628,-122.868385570902,"UCDavis_Well_Review_2013","Unknown","1-005","Scott River Valley","Siskiyou",260,"Irrigation","Single Well","784369",66168,"UCDavis_Well_Review_2013",NA
"335",NA,"WCRfn_80086",NA,"SHARPS GULCH RANCH",41.541856542342,-122.839227110231,"UCDavis_Well_Review_2013","Unknown","1-005","Scott River Valley","Siskiyou",146,"Irrigation","Single Well","1087981",80086,"UCDavis_Well_Review_2013",NA
"336",NA,"WCRfn_80100",NA,"STEVE LYLES",41.5902595772706,-122.975883540236,"UCDavis_Well_Review_2013","Unknown","1-005","Scott River Valley","Siskiyou",120,"Irrigation","Single Well","1087543",80100,"UCDavis_Well_Review_2013",NA
"337",NA,"WCRfn_81354",NA,"DAVE BLACK",41.5267376110709,-122.846509134521,"UCDavis_Well_Review_2013","Unknown","1-005","Scott River Valley","Siskiyou",150,"Irrigation","Single Well","784335",81354,"UCDavis_Well_Review_2013",NA
"338",NA,"WCRfn_82050",NA,"WHITMAN",41.5463470864538,-122.835221419263,"UCDavis_Well_Review_2013","Unknown","1-005","Scott River Valley","Siskiyou",140,"Irrigation","Single Well","1087537",82050,"UCDavis_Well_Review_2013",NA
"339",NA,"WCRfn_83454",NA,"PIERSALL",41.5751793047988,-122.836256643946,"UCDavis_Well_Review_2013","Unknown","1-005","Scott River Valley","Siskiyou",180,"Irrigation","Single Well","563204",83454,"UCDavis_Well_Review_2013",NA
"340",NA,"WCRfn_83455",NA,"JENNER FAMILY LTD PARTNERSHIP",41.5268733583772,-122.855363541822,"UCDavis_Well_Review_2013","Unknown","1-005","Scott River Valley","Siskiyou",224,"Irrigation","Single Well","1077524",83455,"UCDavis_Well_Review_2013",NA
"341",NA,"WCRfn_83495",NA,"FINALY RANCH",41.5788743616627,-122.857042892383,"UCDavis_Well_Review_2013","Unknown","1-005","Scott River Valley","Siskiyou",160,"Irrigation","Single Well","1087551",83495,"UCDavis_Well_Review_2013",NA
"342",NA,"WCRfn_83497",NA,"HILL",41.5669531792073,-122.872946256559,"UCDavis_Well_Review_2013","Unknown","1-005","Scott River Valley","Siskiyou",200,"Irrigation","Single Well","1074456",83497,"UCDavis_Well_Review_2013",NA
"343",NA,"WCRfn_83762",NA,"HAYDEN",41.5927602647316,-122.970430478847,"UCDavis_Well_Review_2013","Unknown","1-005","Scott River Valley","Siskiyou",60,"Irrigation","Single Well","1087587",83762,"UCDavis_Well_Review_2013",NA
"344",NA,"WCRfn_83776",NA,"JENNER",41.503727914253,-122.846295982748,"UCDavis_Well_Review_2013","Unknown","1-005","Scott River Valley","Siskiyou",200,"Irrigation","Single Well","1077523",83776,"UCDavis_Well_Review_2013",NA
"345",NA,"WCRfn_83801",NA,"BLACK",41.576769698048,-122.792794754274,"UCDavis_Well_Review_2013","Unknown","1-005","Scott River Valley","Siskiyou",130,"Irrigation","Single Well","1087564",83801,"UCDavis_Well_Review_2013",NA
"346",NA,"WCRfn_83808",NA,"DOLCINI",41.6122149314029,-122.903646542421,"UCDavis_Well_Review_2013","Unknown","1-005","Scott River Valley","Siskiyou",80,"Irrigation","Single Well","1087585",83808,"UCDavis_Well_Review_2013",NA
"347",NA,"WCRfn_83811",NA,"GUNN",41.5736809057953,-122.945247052816,"UCDavis_Well_Review_2013","Unknown","1-005","Scott River Valley","Siskiyou",240,"Irrigation","Single Well","1087588",83811,"UCDavis_Well_Review_2013",NA
"348",NA,"WCRfn_83817",NA,"MURPHY",41.4601863539212,-122.850019430109,"UCDavis_Well_Review_2013","Unknown","1-005","Scott River Valley","Siskiyou",140,"Irrigation","Single Well","1087582",83817,"UCDavis_Well_Review_2013",NA
"349",NA,"MORRIS_1",NA,"HANNA",41.4831156031748,-122.828290670493,"UCDavis_Well_Review_2013","Unknown","1-005","Scott River Valley","Siskiyou",0,"Irrigation","Single Well","0",0,"UCDavis_Well_Review_2013",NA
"350",NA,"HANNA_1",NA,"HANNA",41.5636330550422,-122.841601409827,"UCDavis_Well_Review_2013","Unknown","1-005","Scott River Valley","Siskiyou",0,"Irrigation","Single Well","0",0,"UCDavis_Well_Review_2013",NA
"351",NA,"HANNA_2",NA,"MORRIS",41.499733535704,-122.848874972313,"UCDavis_Well_Review_2013","Unknown","1-005","Scott River Valley","Siskiyou",0,"Irrigation","Single Well","0",0,"UCDavis_Well_Review_2013",NA
"352",NA,"A2",NA,"A2",41.4745671880388,-122.834014877145,"UCDavis_Well_Review_2013","Unknown","1-005","Scott River Valley","Siskiyou",NA,NA,"Single Well",NA,NA,"UCDavis_Well_Review_2013",NA
"353",NA,"A4",NA,"A4",41.6210486335598,-122.782167669652,"UCDavis_Well_Review_2013","Unknown","1-005","Scott River Valley","Siskiyou",NA,NA,"Single Well",NA,NA,"UCDavis_Well_Review_2013",NA
"354",NA,"A41",NA,"A41",41.5039924091237,-122.8928798108,"UCDavis_Well_Review_2013","Unknown","1-005","Scott River Valley","Siskiyou",NA,NA,"Single Well",NA,NA,"UCDavis_Well_Review_2013",NA
"355",NA,"B3",NA,"B3",41.5534308813256,-122.889512627615,"UCDavis_Well_Review_2013","Unknown","1-005","Scott River Valley","Siskiyou",NA,NA,"Single Well",NA,NA,"UCDavis_Well_Review_2013",NA
"356",NA,"B9",NA,"B9",41.5215606725044,-122.919602176502,"UCDavis_Well_Review_2013","Unknown","1-005","Scott River Valley","Siskiyou",NA,NA,"Single Well",NA,NA,"UCDavis_Well_Review_2013",NA
"357",NA,"C11",NA,"C11",41.5786345671351,-122.837371453173,"UCDavis_Well_Review_2013","Unknown","1-005","Scott River Valley","Siskiyou",NA,NA,"Single Well",NA,NA,"UCDavis_Well_Review_2013",NA
"358",NA,"C12",NA,"C12",41.487588172845,-122.858071613757,"UCDavis_Well_Review_2013","Unknown","1-005","Scott River Valley","Siskiyou",NA,NA,"Single Well",NA,NA,"UCDavis_Well_Review_2013",NA
"359",NA,"C26",NA,"C26",41.5515636066805,-122.918605740673,"UCDavis_Well_Review_2013","Unknown","1-005","Scott River Valley","Siskiyou",NA,NA,"Single Well",NA,NA,"UCDavis_Well_Review_2013",NA
"360",NA,"D16",NA,"D16",41.4854850382788,-122.854554462279,"UCDavis_Well_Review_2013","Unknown","1-005","Scott River Valley","Siskiyou",NA,NA,"Single Well",NA,NA,"UCDavis_Well_Review_2013",NA
"361",NA,"D31",NA,"D31",41.498087889261,-122.879111350663,"UCDavis_Well_Review_2013","Unknown","1-005","Scott River Valley","Siskiyou",NA,NA,"Single Well",NA,NA,"UCDavis_Well_Review_2013",NA
"362",NA,"D40",NA,"D40",41.4127456674832,-122.858928627726,"UCDavis_Well_Review_2013","Unknown","1-005","Scott River Valley","Siskiyou",NA,NA,"Single Well",NA,NA,"UCDavis_Well_Review_2013",NA
"363",NA,"E3",NA,"E3",41.3840355718942,-122.830154959034,"UCDavis_Well_Review_2013","Unknown","1-005","Scott River Valley","Siskiyou",NA,NA,"Single Well",NA,NA,"UCDavis_Well_Review_2013",NA
"364",NA,"E71",NA,"E71",41.5109127232975,-122.895708469175,"UCDavis_Well_Review_2013","Unknown","1-005","Scott River Valley","Siskiyou",NA,NA,"Single Well",NA,NA,"UCDavis_Well_Review_2013",NA
"365",NA,"F56",NA,"F56",41.5095680428807,-122.914416327365,"UCDavis_Well_Review_2013","Unknown","1-005","Scott River Valley","Siskiyou",NA,NA,"Single Well",NA,NA,"UCDavis_Well_Review_2013",NA
"366",NA,"F6",NA,"F6",41.6288964128235,-122.891928981365,"UCDavis_Well_Review_2013","Unknown","1-005","Scott River Valley","Siskiyou",NA,NA,"Single Well",NA,NA,"UCDavis_Well_Review_2013",NA
"367",NA,"G11",NA,"G11",41.5304689045735,-122.855125023376,"UCDavis_Well_Review_2013","Unknown","1-005","Scott River Valley","Siskiyou",NA,NA,"Single Well",NA,NA,"UCDavis_Well_Review_2013",NA
"368",NA,"G31",NA,"G31",41.481675189009,-122.822677523678,"UCDavis_Well_Review_2013","Unknown","1-005","Scott River Valley","Siskiyou",NA,NA,"Single Well",NA,NA,"UCDavis_Well_Review_2013",NA
"369",NA,"G40",NA,"G40",41.6447889124507,-122.828367200683,"UCDavis_Well_Review_2013","Unknown","1-005","Scott River Valley","Siskiyou",NA,NA,"Single Well",NA,NA,"UCDavis_Well_Review_2013",NA
"370",NA,"H6",NA,"H6",41.520785100594,-122.861762463664,"UCDavis_Well_Review_2013","Unknown","1-005","Scott River Valley","Siskiyou",NA,NA,"Single Well",NA,NA,"UCDavis_Well_Review_2013",NA
"371",NA,"I16",NA,"I16",41.5310768581738,-122.858707815195,"UCDavis_Well_Review_2013","Unknown","1-005","Scott River Valley","Siskiyou",NA,NA,"Single Well",NA,NA,"UCDavis_Well_Review_2013",NA
"372",NA,"J15",NA,"J15",41.5967311173384,-122.83171038138,"UCDavis_Well_Review_2013","Unknown","1-005","Scott River Valley","Siskiyou",NA,NA,"Single Well",NA,NA,"UCDavis_Well_Review_2013",NA
"373",NA,"K11",NA,"K11",41.4855641899289,-122.867898585924,"UCDavis_Well_Review_2013","Unknown","1-005","Scott River Valley","Siskiyou",NA,NA,"Single Well",NA,NA,"UCDavis_Well_Review_2013",NA
"374",NA,"K12",NA,"K12",41.6032898513026,-122.852418156133,"UCDavis_Well_Review_2013","Unknown","1-005","Scott River Valley","Siskiyou",NA,NA,"Single Well",NA,NA,"UCDavis_Well_Review_2013",NA
"375",NA,"K22",NA,"K22",41.438500001913,-122.846196571415,"UCDavis_Well_Review_2013","Unknown","1-005","Scott River Valley","Siskiyou",NA,NA,"Single Well",NA,NA,"UCDavis_Well_Review_2013",NA
"376",NA,"K9",NA,"K9",41.5011603333691,-122.836175566791,"UCDavis_Well_Review_2013","Unknown","1-005","Scott River Valley","Siskiyou",NA,NA,"Single Well",NA,NA,"UCDavis_Well_Review_2013",NA
"377",NA,"L18",NA,"L18",41.5005476164042,-122.82982692412,"UCDavis_Well_Review_2013","Unknown","1-005","Scott River Valley","Siskiyou",NA,NA,"Single Well",NA,NA,"UCDavis_Well_Review_2013",NA
"378",NA,"L31",NA,"L31",41.4803548696112,-122.873239271629,"UCDavis_Well_Review_2013","Unknown","1-005","Scott River Valley","Siskiyou",NA,NA,"Single Well",NA,NA,"UCDavis_Well_Review_2013",NA
"379",NA,"L32",NA,"L32",41.5350755288145,-122.92514780987,"UCDavis_Well_Review_2013","Unknown","1-005","Scott River Valley","Siskiyou",NA,NA,"Single Well",NA,NA,"UCDavis_Well_Review_2013",NA
"380",NA,"M10",NA,"M10",41.4170375736916,-122.841472729779,"UCDavis_Well_Review_2013","Unknown","1-005","Scott River Valley","Siskiyou",NA,NA,"Single Well",NA,NA,"UCDavis_Well_Review_2013",NA
"381",NA,"M12",NA,"M12",41.4473484473618,-122.855489654267,"UCDavis_Well_Review_2013","Unknown","1-005","Scott River Valley","Siskiyou",NA,NA,"Single Well",NA,NA,"UCDavis_Well_Review_2013",NA
"382",NA,"M2",NA,"M2",41.5665541347778,-122.801900486356,"UCDavis_Well_Review_2013","Unknown","1-005","Scott River Valley","Siskiyou",NA,NA,"Single Well",NA,NA,"UCDavis_Well_Review_2013",NA
"383",NA,"N15",NA,"N15",41.6577858296924,-122.834169841205,"UCDavis_Well_Review_2013","Unknown","1-005","Scott River Valley","Siskiyou",NA,NA,"Single Well",NA,NA,"UCDavis_Well_Review_2013",NA
"384",NA,"N17",NA,"N17",41.4023900494964,-122.869191729979,"UCDavis_Well_Review_2013","Unknown","1-005","Scott River Valley","Siskiyou",NA,NA,"Single Well",NA,NA,"UCDavis_Well_Review_2013",NA
"385",NA,"N2",NA,"N2",41.498353136907,-122.858922733269,"UCDavis_Well_Review_2013","Unknown","1-005","Scott River Valley","Siskiyou",NA,NA,"Single Well",NA,NA,"UCDavis_Well_Review_2013",NA
"386",NA,"O32",NA,"O32",41.5559126041536,-122.860668347191,"UCDavis_Well_Review_2013","Unknown","1-005","Scott River Valley","Siskiyou",NA,NA,"Single Well",NA,NA,"UCDavis_Well_Review_2013",NA
"387",NA,"P18",NA,"P18",41.5693586093385,-122.809112420262,"UCDavis_Well_Review_2013","Unknown","1-005","Scott River Valley","Siskiyou",NA,NA,"Single Well",NA,NA,"UCDavis_Well_Review_2013",NA
"388",NA,"P23",NA,"P23",41.6233071185466,-122.771680421924,"UCDavis_Well_Review_2013","Unknown","1-005","Scott River Valley","Siskiyou",NA,NA,"Single Well",NA,NA,"UCDavis_Well_Review_2013",NA
"389",NA,"P43",NA,"P43",41.4087043153901,-122.816403232107,"UCDavis_Well_Review_2013","Unknown","1-005","Scott River Valley","Siskiyou",NA,NA,"Single Well",NA,NA,"UCDavis_Well_Review_2013",NA
"390",NA,"Q21",NA,"Q21",41.3579102277768,-122.822105254252,"UCDavis_Well_Review_2013","Unknown","1-005","Scott River Valley","Siskiyou",NA,NA,"Single Well",NA,NA,"UCDavis_Well_Review_2013",NA
"391",NA,"Q32",NA,"Q32",41.5413160359545,-122.836625755412,"UCDavis_Well_Review_2013","Unknown","1-005","Scott River Valley","Siskiyou",NA,NA,"Single Well",NA,NA,"UCDavis_Well_Review_2013",NA
"392",NA,"R18",NA,"R18",41.4779210821856,-122.888958257274,"UCDavis_Well_Review_2013","Unknown","1-005","Scott River Valley","Siskiyou",NA,NA,"Single Well",NA,NA,"UCDavis_Well_Review_2013",NA
"393",NA,"R24",NA,"R24",41.4718083095209,-122.845075939829,"UCDavis_Well_Review_2013","Unknown","1-005","Scott River Valley","Siskiyou",NA,NA,"Single Well",NA,NA,"UCDavis_Well_Review_2013",NA
"394",NA,"S19",NA,"S19",41.5699343410142,-122.83170797811,"UCDavis_Well_Review_2013","Unknown","1-005","Scott River Valley","Siskiyou",NA,NA,"Single Well",NA,NA,"UCDavis_Well_Review_2013",NA
"395",NA,"S21",NA,"S21",41.4431530915521,-122.864668689414,"UCDavis_Well_Review_2013","Unknown","1-005","Scott River Valley","Siskiyou",NA,NA,"Single Well",NA,NA,"UCDavis_Well_Review_2013",NA
"396",NA,"S42",NA,"S42",41.580151711945,-122.840162758581,"UCDavis_Well_Review_2013","Unknown","1-005","Scott River Valley","Siskiyou",NA,NA,"Single Well",NA,NA,"UCDavis_Well_Review_2013",NA
"397",NA,"V87",NA,"V87",41.5031033261691,-122.834349412414,"UCDavis_Well_Review_2013","Unknown","1-005","Scott River Valley","Siskiyou",NA,NA,"Single Well",NA,NA,"UCDavis_Well_Review_2013",NA
"398",NA,"W10",NA,"W10",41.3919200812716,-122.86647353215,"UCDavis_Well_Review_2013","Unknown","1-005","Scott River Valley","Siskiyou",NA,NA,"Single Well",NA,NA,"UCDavis_Well_Review_2013",NA
"399",NA,"X7",NA,"X7",41.6107367761035,-122.850792936286,"UCDavis_Well_Review_2013","Unknown","1-005","Scott River Valley","Siskiyou",NA,NA,"Single Well",NA,NA,"UCDavis_Well_Review_2013",NA
"400",NA,"Y61",NA,"Y61",41.5697150356764,-122.879409708892,"UCDavis_Well_Review_2013","Unknown","1-005","Scott River Valley","Siskiyou",NA,NA,"Single Well",NA,NA,"UCDavis_Well_Review_2013",NA
"401",NA,"Z36",NA,"Z36",41.4423302777383,-122.906879345359,"UCDavis_Well_Review_2013","Unknown","1-005","Scott River Valley","Siskiyou",NA,NA,"Single Well",NA,NA,"UCDavis_Well_Review_2013",NA
"402",NA,"QV01",NA,"9009_BigMeadows",41.6151388888889,-122.979472222222,NA,NA,"1-005","Scott River Valley","Siskiyou",NA,"Domestic","Single Well",NA,NA,"Quartz Valley IR",NA
"403",NA,"QV02",NA,"9013_BigMeadows",41.6162222222222,-122.978861111111,NA,NA,"1-005","Scott River Valley","Siskiyou",NA,"Domestic","Single Well",NA,NA,"Quartz Valley IR",NA
"404",NA,"QV03",NA,"12837_Kuut",41.5897222222222,-122.983055555556,NA,NA,"1-005","Scott River Valley","Siskiyou",NA,"Domestic","Single Well",NA,NA,"Quartz Valley IR",NA
"405",NA,"QV04",NA,"12929_Kuut",41.5909444444444,-122.983333333333,NA,NA,"1-005","Scott River Valley","Siskiyou",NA,"Domestic","Single Well",NA,NA,"Quartz Valley IR",NA
"406",NA,"QV05",NA,"12815_QuartzValleyRd",41.5903333333333,-122.976,NA,NA,"1-005","Scott River Valley","Siskiyou",NA,"Domestic","Single Well",NA,NA,"Quartz Valley IR",NA
"407",NA,"QV06",NA,"13422_QuartzValleyRd",41.5971944444444,-122.972416666667,NA,NA,"1-005","Scott River Valley","Siskiyou",NA,"Domestic","Single Well",NA,NA,"Quartz Valley IR",NA
"408",NA,"QV07",NA,"13601_QuartzValleyRd",41.6013888888889,-122.976055555556,NA,NA,"1-005","Scott River Valley","Siskiyou",NA,"Domestic","Single Well",NA,NA,"Quartz Valley IR",NA
"409",NA,"QV08",NA,"13605_QuartzValleyRd",41.601,-122.977527777778,NA,NA,"1-005","Scott River Valley","Siskiyou",NA,"Domestic","Single Well",NA,NA,"Quartz Valley IR",NA
"410",NA,"QV09",NA,"13616_QuartzValleyRd",41.6015555555556,-122.974388888889,NA,NA,"1-005","Scott River Valley","Siskiyou",NA,"Domestic","Single Well",NA,NA,"Quartz Valley IR",NA
"411",NA,"QV10",NA,"13824_QuartzValleyRd",41.6044722222222,-122.975166666667,NA,NA,"1-005","Scott River Valley","Siskiyou",NA,"Domestic","Single Well",NA,NA,"Quartz Valley IR",NA
"412",NA,"QV11",NA,"Gymnasium_QuartzValleyRd",41.5982222222222,-122.976388888889,NA,NA,"1-005","Scott River Valley","Siskiyou",NA,"Domestic","Single Well",NA,NA,"Quartz Valley IR",NA
"413",NA,"QV12",NA,"9021_Sniktaw",41.6001944444444,-122.976111111111,NA,NA,"1-005","Scott River Valley","Siskiyou",NA,"Domestic","Single Well",NA,NA,"Quartz Valley IR",NA
"414",NA,"QV13",NA,"9024_Sniktaw",41.5995555555556,-122.976722222222,NA,NA,"1-005","Scott River Valley","Siskiyou",NA,"Domestic","Single Well",NA,NA,"Quartz Valley IR",NA
"415",NA,"QV14",NA,"9117_Sniktaw",41.6001388888889,-122.977555555556,NA,NA,"1-005","Scott River Valley","Siskiyou",NA,"Domestic","Single Well",NA,NA,"Quartz Valley IR",NA
"416",NA,"QV15",NA,"12808_Yamitch",41.5895833333333,-122.980611111111,NA,NA,"1-005","Scott River Valley","Siskiyou",NA,"Domestic","Single Well",NA,NA,"Quartz Valley IR",NA
"417",NA,"QV16",NA,"12817_Yamitch",41.5895277777778,-122.980916666667,NA,NA,"1-005","Scott River Valley","Siskiyou",NA,"Domestic","Single Well",NA,NA,"Quartz Valley IR",NA
"418",NA,"QV17",NA,"12839_Yamitch",41.5902777777778,-122.980833333333,NA,NA,"1-005","Scott River Valley","Siskiyou",NA,"Domestic","Single Well",NA,NA,"Quartz Valley IR",NA
"419",NA,"QV18",NA,"12912_Yamitch",41.5902777777778,-122.980555555556,NA,NA,"1-005","Scott River Valley","Siskiyou",NA,"Domestic","Single Well",NA,NA,"Quartz Valley IR",NA
"420",NA,"QV19",NA,"12920_Yamitch",41.5913611111111,-122.980555555556,NA,NA,"1-005","Scott River Valley","Siskiyou",NA,"Domestic","Single Well",NA,NA,"Quartz Valley IR",NA
